num.trans.involved.in,sample,peak
15,Sample_S19S_0055_Sed_Field_ICR.U_p2,200.092796
27,Sample_S19S_0055_Sed_Field_ICR.U_p2,201.0404313
34,Sample_S19S_0055_Sed_Field_ICR.U_p2,201.0768122
35,Sample_S19S_0055_Sed_Field_ICR.U_p2,201.1131969
18,Sample_S19S_0055_Sed_Field_ICR.U_p2,201.1495782
11,Sample_S19S_0055_Sed_Field_ICR.U_p2,202.0720568
6,Sample_S19S_0055_Sed_Field_ICR.U_p2,202.1084386
34,Sample_S19S_0055_Sed_Field_ICR.U_p2,203.0560881
13,Sample_S19S_0055_Sed_Field_ICR.U_p2,203.0924536
17,Sample_S19S_0055_Sed_Field_ICR.U_p2,203.1288378
12,Sample_S19S_0055_Sed_Field_ICR.U_p2,204.0665886
15,Sample_S19S_0055_Sed_Field_ICR.U_p2,205.0505947
29,Sample_S19S_0055_Sed_Field_ICR.U_p2,205.0717289
1,Sample_S19S_0055_Sed_Field_ICR.U_p2,207.0121103
24,Sample_S19S_0055_Sed_Field_ICR.U_p2,207.0298709
31,Sample_S19S_0055_Sed_Field_ICR.U_p2,207.1026321
10,Sample_S19S_0055_Sed_Field_ICR.U_p2,208.0251215
19,Sample_S19S_0055_Sed_Field_ICR.U_p2,208.0978901
7,Sample_S19S_0055_Sed_Field_ICR.U_p2,209.0091207
24,Sample_S19S_0055_Sed_Field_ICR.U_p2,209.0455114
34,Sample_S19S_0055_Sed_Field_ICR.U_p2,209.0818981
32,Sample_S19S_0055_Sed_Field_ICR.U_p2,209.1182936
30,Sample_S19S_0055_Sed_Field_ICR.U_p2,209.1546803
15,Sample_S19S_0055_Sed_Field_ICR.U_p2,210.0407624
30,Sample_S19S_0055_Sed_Field_ICR.U_p2,211.0247874
47,Sample_S19S_0055_Sed_Field_ICR.U_p2,211.0611736
41,Sample_S19S_0055_Sed_Field_ICR.U_p2,211.097555
36,Sample_S19S_0055_Sed_Field_ICR.U_p2,211.1339377
6,Sample_S19S_0055_Sed_Field_ICR.U_p2,212.0200182
1,Sample_S19S_0055_Sed_Field_ICR.U_p2,213.0152775
45,Sample_S19S_0055_Sed_Field_ICR.U_p2,213.0768216
43,Sample_S19S_0055_Sed_Field_ICR.U_p2,213.1132092
23,Sample_S19S_0055_Sed_Field_ICR.U_p2,213.1495806
4,Sample_S19S_0055_Sed_Field_ICR.U_p2,214.050931
23,Sample_S19S_0055_Sed_Field_ICR.U_p2,214.0720739
22,Sample_S19S_0055_Sed_Field_ICR.U_p2,214.1084656
2,Sample_S19S_0055_Sed_Field_ICR.U_p2,215.0019358
32,Sample_S19S_0055_Sed_Field_ICR.U_p2,215.0560786
40,Sample_S19S_0055_Sed_Field_ICR.U_p2,215.0924726
30,Sample_S19S_0055_Sed_Field_ICR.U_p2,215.1288446
20,Sample_S19S_0055_Sed_Field_ICR.U_p2,215.1652394
13,Sample_S19S_0055_Sed_Field_ICR.U_p2,216.1240952
42,Sample_S19S_0055_Sed_Field_ICR.U_p2,217.0717431
42,Sample_S19S_0055_Sed_Field_ICR.U_p2,217.1081169
17,Sample_S19S_0055_Sed_Field_ICR.U_p2,218.1033705
5,Sample_S19S_0055_Sed_Field_ICR.U_p2,219.0774907
38,Sample_S19S_0055_Sed_Field_ICR.U_p2,219.0873877
19,Sample_S19S_0055_Sed_Field_ICR.U_p2,219.1390265
13,Sample_S19S_0055_Sed_Field_ICR.U_p2,220.0979011
16,Sample_S19S_0055_Sed_Field_ICR.U_p2,221.0818912
4,Sample_S19S_0055_Sed_Field_ICR.U_p2,221.121674
16,Sample_S19S_0055_Sed_Field_ICR.U_p2,221.1546776
25,Sample_S19S_0055_Sed_Field_ICR.U_p2,223.0247931
13,Sample_S19S_0055_Sed_Field_ICR.U_p2,223.0611523
44,Sample_S19S_0055_Sed_Field_ICR.U_p2,223.0975605
47,Sample_S19S_0055_Sed_Field_ICR.U_p2,223.1339546
18,Sample_S19S_0055_Sed_Field_ICR.U_p2,224.0564233
5,Sample_S19S_0055_Sed_Field_ICR.U_p2,225.0040321
33,Sample_S19S_0055_Sed_Field_ICR.U_p2,225.0404494
6,Sample_S19S_0055_Sed_Field_ICR.U_p2,225.0557149
52,Sample_S19S_0055_Sed_Field_ICR.U_p2,225.0768195
20,Sample_S19S_0055_Sed_Field_ICR.U_p2,225.1131873
41,Sample_S19S_0055_Sed_Field_ICR.U_p2,225.1496041
29,Sample_S19S_0055_Sed_Field_ICR.U_p2,226.072077
2,Sample_S19S_0055_Sed_Field_ICR.U_p2,227.0326002
32,Sample_S19S_0055_Sed_Field_ICR.U_p2,227.056079
47,Sample_S19S_0055_Sed_Field_ICR.U_p2,227.092466
11,Sample_S19S_0055_Sed_Field_ICR.U_p2,227.1037081
51,Sample_S19S_0055_Sed_Field_ICR.U_p2,227.1288722
6,Sample_S19S_0055_Sed_Field_ICR.U_p2,227.1401024
4,Sample_S19S_0055_Sed_Field_ICR.U_p2,228.0513116
17,Sample_S19S_0055_Sed_Field_ICR.U_p2,228.1605095
43,Sample_S19S_0055_Sed_Field_ICR.U_p2,229.0717413
43,Sample_S19S_0055_Sed_Field_ICR.U_p2,229.1081151
41,Sample_S19S_0055_Sed_Field_ICR.U_p2,229.14452
29,Sample_S19S_0055_Sed_Field_ICR.U_p2,229.1809126
18,Sample_S19S_0055_Sed_Field_ICR.U_p2,230.1033909
19,Sample_S19S_0055_Sed_Field_ICR.U_p2,230.1397625
1,Sample_S19S_0055_Sed_Field_ICR.U_p2,230.9791152
10,Sample_S19S_0055_Sed_Field_ICR.U_p2,231.0332653
27,Sample_S19S_0055_Sed_Field_ICR.U_p2,231.051012
43,Sample_S19S_0055_Sed_Field_ICR.U_p2,231.0873835
21,Sample_S19S_0055_Sed_Field_ICR.U_p2,231.1237543
23,Sample_S19S_0055_Sed_Field_ICR.U_p2,233.0455307
40,Sample_S19S_0055_Sed_Field_ICR.U_p2,233.1030488
4,Sample_S19S_0055_Sed_Field_ICR.U_p2,233.1216726
24,Sample_S19S_0055_Sed_Field_ICR.U_p2,233.1546845
2,Sample_S19S_0055_Sed_Field_ICR.U_p2,234.0632578
4,Sample_S19S_0055_Sed_Field_ICR.U_p2,235.0472823
32,Sample_S19S_0055_Sed_Field_ICR.U_p2,235.0611873
42,Sample_S19S_0055_Sed_Field_ICR.U_p2,235.0975749
26,Sample_S19S_0055_Sed_Field_ICR.U_p2,235.1339408
3,Sample_S19S_0055_Sed_Field_ICR.U_p2,235.1373359
42,Sample_S19S_0055_Sed_Field_ICR.U_p2,235.1703492
27,Sample_S19S_0055_Sed_Field_ICR.U_p2,237.0404421
46,Sample_S19S_0055_Sed_Field_ICR.U_p2,237.0768351
45,Sample_S19S_0055_Sed_Field_ICR.U_p2,237.1132227
49,Sample_S19S_0055_Sed_Field_ICR.U_p2,237.1496102
7,Sample_S19S_0055_Sed_Field_ICR.U_p2,238.0356696
23,Sample_S19S_0055_Sed_Field_ICR.U_p2,238.0720655
1,Sample_S19S_0055_Sed_Field_ICR.U_p2,238.9629644
21,Sample_S19S_0055_Sed_Field_ICR.U_p2,239.0197221
10,Sample_S19S_0055_Sed_Field_ICR.U_p2,239.0349883
51,Sample_S19S_0055_Sed_Field_ICR.U_p2,239.0561117
7,Sample_S19S_0055_Sed_Field_ICR.U_p2,239.0673352
72,Sample_S19S_0055_Sed_Field_ICR.U_p2,239.092497
60,Sample_S19S_0055_Sed_Field_ICR.U_p2,239.1288753
41,Sample_S19S_0055_Sed_Field_ICR.U_p2,239.1652571
7,Sample_S19S_0055_Sed_Field_ICR.U_p2,241.0466195
39,Sample_S19S_0055_Sed_Field_ICR.U_p2,241.0717422
35,Sample_S19S_0055_Sed_Field_ICR.U_p2,241.1081087
7,Sample_S19S_0055_Sed_Field_ICR.U_p2,241.1193918
33,Sample_S19S_0055_Sed_Field_ICR.U_p2,241.1445007
42,Sample_S19S_0055_Sed_Field_ICR.U_p2,241.1809156
16,Sample_S19S_0055_Sed_Field_ICR.U_p2,242.0670034
28,Sample_S19S_0055_Sed_Field_ICR.U_p2,242.139775
16,Sample_S19S_0055_Sed_Field_ICR.U_p2,242.1761465
43,Sample_S19S_0055_Sed_Field_ICR.U_p2,243.0510224
8,Sample_S19S_0055_Sed_Field_ICR.U_p2,243.0622684
38,Sample_S19S_0055_Sed_Field_ICR.U_p2,243.0873816
9,Sample_S19S_0055_Sed_Field_ICR.U_p2,243.0986597
33,Sample_S19S_0055_Sed_Field_ICR.U_p2,243.1237626
38,Sample_S19S_0055_Sed_Field_ICR.U_p2,243.1601665
36,Sample_S19S_0055_Sed_Field_ICR.U_p2,243.1965883
8,Sample_S19S_0055_Sed_Field_ICR.U_p2,245.0489119
64,Sample_S19S_0055_Sed_Field_ICR.U_p2,245.0666847
60,Sample_S19S_0055_Sed_Field_ICR.U_p2,245.1030642
12,Sample_S19S_0055_Sed_Field_ICR.U_p2,245.1142776
43,Sample_S19S_0055_Sed_Field_ICR.U_p2,245.1394342
19,Sample_S19S_0055_Sed_Field_ICR.U_p2,246.134683
1,Sample_S19S_0055_Sed_Field_ICR.U_p2,246.9740359
57,Sample_S19S_0055_Sed_Field_ICR.U_p2,247.0823368
8,Sample_S19S_0055_Sed_Field_ICR.U_p2,247.0935696
51,Sample_S19S_0055_Sed_Field_ICR.U_p2,247.118733
48,Sample_S19S_0055_Sed_Field_ICR.U_p2,247.1339672
15,Sample_S19S_0055_Sed_Field_ICR.U_p2,247.1703275
2,Sample_S19S_0055_Sed_Field_ICR.U_p2,247.9399328
17,Sample_S19S_0055_Sed_Field_ICR.U_p2,248.1139872
3,Sample_S19S_0055_Sed_Field_ICR.U_p2,249.0227066
38,Sample_S19S_0055_Sed_Field_ICR.U_p2,249.0404675
53,Sample_S19S_0055_Sed_Field_ICR.U_p2,249.0979835
40,Sample_S19S_0055_Sed_Field_ICR.U_p2,249.1132224
52,Sample_S19S_0055_Sed_Field_ICR.U_p2,249.1496147
10,Sample_S19S_0055_Sed_Field_ICR.U_p2,249.1529913
36,Sample_S19S_0055_Sed_Field_ICR.U_p2,249.186019
18,Sample_S19S_0055_Sed_Field_ICR.U_p2,250.1448617
5,Sample_S19S_0055_Sed_Field_ICR.U_p2,251.0594793
3,Sample_S19S_0055_Sed_Field_ICR.U_p2,251.0785764
79,Sample_S19S_0055_Sed_Field_ICR.U_p2,251.0925063
8,Sample_S19S_0055_Sed_Field_ICR.U_p2,251.0958765
46,Sample_S19S_0055_Sed_Field_ICR.U_p2,251.1289035
48,Sample_S19S_0055_Sed_Field_ICR.U_p2,251.1652673
23,Sample_S19S_0055_Sed_Field_ICR.U_p2,252.0877348
28,Sample_S19S_0055_Sed_Field_ICR.U_p2,253.0353983
2,Sample_S19S_0055_Sed_Field_ICR.U_p2,253.0506737
65,Sample_S19S_0055_Sed_Field_ICR.U_p2,253.0717756
8,Sample_S19S_0055_Sed_Field_ICR.U_p2,253.0829986
39,Sample_S19S_0055_Sed_Field_ICR.U_p2,253.1081345
67,Sample_S19S_0055_Sed_Field_ICR.U_p2,253.1445337
52,Sample_S19S_0055_Sed_Field_ICR.U_p2,253.1809275
24,Sample_S19S_0055_Sed_Field_ICR.U_p2,253.2173402
12,Sample_S19S_0055_Sed_Field_ICR.U_p2,254.0670222
18,Sample_S19S_0055_Sed_Field_ICR.U_p2,254.1398205
44,Sample_S19S_0055_Sed_Field_ICR.U_p2,255.0510433
8,Sample_S19S_0055_Sed_Field_ICR.U_p2,255.0622462
13,Sample_S19S_0055_Sed_Field_ICR.U_p2,255.0663123
89,Sample_S19S_0055_Sed_Field_ICR.U_p2,255.0874163
56,Sample_S19S_0055_Sed_Field_ICR.U_p2,255.1237776
63,Sample_S19S_0055_Sed_Field_ICR.U_p2,255.1602018
46,Sample_S19S_0055_Sed_Field_ICR.U_p2,255.1965909
22,Sample_S19S_0055_Sed_Field_ICR.U_p2,255.2329705
2,Sample_S19S_0055_Sed_Field_ICR.U_p2,257.0415582
20,Sample_S19S_0055_Sed_Field_ICR.U_p2,257.0455598
13,Sample_S19S_0055_Sed_Field_ICR.U_p2,257.048925
57,Sample_S19S_0055_Sed_Field_ICR.U_p2,257.0666765
7,Sample_S19S_0055_Sed_Field_ICR.U_p2,257.0779166
55,Sample_S19S_0055_Sed_Field_ICR.U_p2,257.1030521
65,Sample_S19S_0055_Sed_Field_ICR.U_p2,257.1394516
44,Sample_S19S_0055_Sed_Field_ICR.U_p2,257.175834
34,Sample_S19S_0055_Sed_Field_ICR.U_p2,257.2122374
19,Sample_S19S_0055_Sed_Field_ICR.U_p2,258.0983343
20,Sample_S19S_0055_Sed_Field_ICR.U_p2,258.1347123
1,Sample_S19S_0055_Sed_Field_ICR.U_p2,259.0588109
65,Sample_S19S_0055_Sed_Field_ICR.U_p2,259.0823405
14,Sample_S19S_0055_Sed_Field_ICR.U_p2,259.1009624
67,Sample_S19S_0055_Sed_Field_ICR.U_p2,259.1187072
10,Sample_S19S_0055_Sed_Field_ICR.U_p2,259.1299532
56,Sample_S19S_0055_Sed_Field_ICR.U_p2,259.1551113
32,Sample_S19S_0055_Sed_Field_ICR.U_p2,259.1914889
21,Sample_S19S_0055_Sed_Field_ICR.U_p2,260.1503532
33,Sample_S19S_0055_Sed_Field_ICR.U_p2,261.061588
43,Sample_S19S_0055_Sed_Field_ICR.U_p2,261.0980071
62,Sample_S19S_0055_Sed_Field_ICR.U_p2,261.1343647
43,Sample_S19S_0055_Sed_Field_ICR.U_p2,261.149632
2,Sample_S19S_0055_Sed_Field_ICR.U_p2,261.9555802
6,Sample_S19S_0055_Sed_Field_ICR.U_p2,262.0568979
18,Sample_S19S_0055_Sed_Field_ICR.U_p2,262.1660448
1,Sample_S19S_0055_Sed_Field_ICR.U_p2,262.9760185
1,Sample_S19S_0055_Sed_Field_ICR.U_p2,263.0350679
31,Sample_S19S_0055_Sed_Field_ICR.U_p2,263.0561329
41,Sample_S19S_0055_Sed_Field_ICR.U_p2,263.0924815
46,Sample_S19S_0055_Sed_Field_ICR.U_p2,263.128908
49,Sample_S19S_0055_Sed_Field_ICR.U_p2,263.1652771
1,Sample_S19S_0055_Sed_Field_ICR.U_p2,264.0473979
19,Sample_S19S_0055_Sed_Field_ICR.U_p2,264.087752
15,Sample_S19S_0055_Sed_Field_ICR.U_p2,264.1089388
15,Sample_S19S_0055_Sed_Field_ICR.U_p2,264.1241638
23,Sample_S19S_0055_Sed_Field_ICR.U_p2,264.1605215
5,Sample_S19S_0055_Sed_Field_ICR.U_p2,265.0578564
38,Sample_S19S_0055_Sed_Field_ICR.U_p2,265.0717855
10,Sample_S19S_0055_Sed_Field_ICR.U_p2,265.07514
12,Sample_S19S_0055_Sed_Field_ICR.U_p2,265.0929432
87,Sample_S19S_0055_Sed_Field_ICR.U_p2,265.1081545
54,Sample_S19S_0055_Sed_Field_ICR.U_p2,265.1445692
7,Sample_S19S_0055_Sed_Field_ICR.U_p2,265.1479151
12,Sample_S19S_0055_Sed_Field_ICR.U_p2,265.1575521
35,Sample_S19S_0055_Sed_Field_ICR.U_p2,265.1809039
5,Sample_S19S_0055_Sed_Field_ICR.U_p2,266.089493
25,Sample_S19S_0055_Sed_Field_ICR.U_p2,266.1397788
1,Sample_S19S_0055_Sed_Field_ICR.U_p2,266.9942715
49,Sample_S19S_0055_Sed_Field_ICR.U_p2,267.0510336
4,Sample_S19S_0055_Sed_Field_ICR.U_p2,267.0663132
7,Sample_S19S_0055_Sed_Field_ICR.U_p2,267.0735078
62,Sample_S19S_0055_Sed_Field_ICR.U_p2,267.0874299
3,Sample_S19S_0055_Sed_Field_ICR.U_p2,267.0908069
88,Sample_S19S_0055_Sed_Field_ICR.U_p2,267.123805
64,Sample_S19S_0055_Sed_Field_ICR.U_p2,267.1601848
47,Sample_S19S_0055_Sed_Field_ICR.U_p2,267.1965985
19,Sample_S19S_0055_Sed_Field_ICR.U_p2,268.155459
23,Sample_S19S_0055_Sed_Field_ICR.U_p2,269.0303205
5,Sample_S19S_0055_Sed_Field_ICR.U_p2,269.0432138
68,Sample_S19S_0055_Sed_Field_ICR.U_p2,269.0666802
11,Sample_S19S_0055_Sed_Field_ICR.U_p2,269.0819528
72,Sample_S19S_0055_Sed_Field_ICR.U_p2,269.1030627
2,Sample_S19S_0055_Sed_Field_ICR.U_p2,269.131214
72,Sample_S19S_0055_Sed_Field_ICR.U_p2,269.1394657
59,Sample_S19S_0055_Sed_Field_ICR.U_p2,269.1758579
39,Sample_S19S_0055_Sed_Field_ICR.U_p2,269.2122378
9,Sample_S19S_0055_Sed_Field_ICR.U_p2,270.0619439
8,Sample_S19S_0055_Sed_Field_ICR.U_p2,271.061176
63,Sample_S19S_0055_Sed_Field_ICR.U_p2,271.0823212
83,Sample_S19S_0055_Sed_Field_ICR.U_p2,271.118718
51,Sample_S19S_0055_Sed_Field_ICR.U_p2,271.1551343
51,Sample_S19S_0055_Sed_Field_ICR.U_p2,271.1914941
32,Sample_S19S_0055_Sed_Field_ICR.U_p2,271.227892
27,Sample_S19S_0055_Sed_Field_ICR.U_p2,272.1139554
20,Sample_S19S_0055_Sed_Field_ICR.U_p2,272.1504094
20,Sample_S19S_0055_Sed_Field_ICR.U_p2,273.040478
43,Sample_S19S_0055_Sed_Field_ICR.U_p2,273.061591
33,Sample_S19S_0055_Sed_Field_ICR.U_p2,273.0768603
60,Sample_S19S_0055_Sed_Field_ICR.U_p2,273.0979879
6,Sample_S19S_0055_Sed_Field_ICR.U_p2,273.109239
55,Sample_S19S_0055_Sed_Field_ICR.U_p2,273.1343844
35,Sample_S19S_0055_Sed_Field_ICR.U_p2,273.1496272
55,Sample_S19S_0055_Sed_Field_ICR.U_p2,273.1707658
15,Sample_S19S_0055_Sed_Field_ICR.U_p2,274.0932637
53,Sample_S19S_0055_Sed_Field_ICR.U_p2,275.0772487
8,Sample_S19S_0055_Sed_Field_ICR.U_p2,275.0958927
59,Sample_S19S_0055_Sed_Field_ICR.U_p2,275.1136274
50,Sample_S19S_0055_Sed_Field_ICR.U_p2,275.1288873
49,Sample_S19S_0055_Sed_Field_ICR.U_p2,275.1500444
38,Sample_S19S_0055_Sed_Field_ICR.U_p2,275.1652622
17,Sample_S19S_0055_Sed_Field_ICR.U_p2,276.108923
3,Sample_S19S_0055_Sed_Field_ICR.U_p2,277.0693613
70,Sample_S19S_0055_Sed_Field_ICR.U_p2,277.1081544
39,Sample_S19S_0055_Sed_Field_ICR.U_p2,277.1293085
66,Sample_S19S_0055_Sed_Field_ICR.U_p2,277.1445377
46,Sample_S19S_0055_Sed_Field_ICR.U_p2,277.1809457
1,Sample_S19S_0055_Sed_Field_ICR.U_p2,278.0630512
6,Sample_S19S_0055_Sed_Field_ICR.U_p2,278.1610047
29,Sample_S19S_0055_Sed_Field_ICR.U_p2,279.0874539
1,Sample_S19S_0055_Sed_Field_ICR.U_p2,279.0908266
54,Sample_S19S_0055_Sed_Field_ICR.U_p2,279.1238221
9,Sample_S19S_0055_Sed_Field_ICR.U_p2,279.1271864
3,Sample_S19S_0055_Sed_Field_ICR.U_p2,279.1562152
66,Sample_S19S_0055_Sed_Field_ICR.U_p2,279.160186
6,Sample_S19S_0055_Sed_Field_ICR.U_p2,279.1635618
3,Sample_S19S_0055_Sed_Field_ICR.U_p2,280.068733
1,Sample_S19S_0055_Sed_Field_ICR.U_p2,280.9948249
1,Sample_S19S_0055_Sed_Field_ICR.U_p2,281.0528323
61,Sample_S19S_0055_Sed_Field_ICR.U_p2,281.0666829
4,Sample_S19S_0055_Sed_Field_ICR.U_p2,281.0700358
51,Sample_S19S_0055_Sed_Field_ICR.U_p2,281.1030502
77,Sample_S19S_0055_Sed_Field_ICR.U_p2,281.1394597
52,Sample_S19S_0055_Sed_Field_ICR.U_p2,281.1758716
19,Sample_S19S_0055_Sed_Field_ICR.U_p2,281.2486254
4,Sample_S19S_0055_Sed_Field_ICR.U_p2,282.0844159
2,Sample_S19S_0055_Sed_Field_ICR.U_p2,282.9989405
46,Sample_S19S_0055_Sed_Field_ICR.U_p2,283.0459554
12,Sample_S19S_0055_Sed_Field_ICR.U_p2,283.0589556
2,Sample_S19S_0055_Sed_Field_ICR.U_p2,283.064623
1,Sample_S19S_0055_Sed_Field_ICR.U_p2,283.0684737
44,Sample_S19S_0055_Sed_Field_ICR.U_p2,283.0823169
4,Sample_S19S_0055_Sed_Field_ICR.U_p2,283.1010031
95,Sample_S19S_0055_Sed_Field_ICR.U_p2,283.118715
9,Sample_S19S_0055_Sed_Field_ICR.U_p2,283.1373752
58,Sample_S19S_0055_Sed_Field_ICR.U_p2,283.1551309
29,Sample_S19S_0055_Sed_Field_ICR.U_p2,283.1915306
17,Sample_S19S_0055_Sed_Field_ICR.U_p2,283.2279218
6,Sample_S19S_0055_Sed_Field_ICR.U_p2,283.2642602
9,Sample_S19S_0055_Sed_Field_ICR.U_p2,284.0776208
3,Sample_S19S_0055_Sed_Field_ICR.U_p2,284.0905388
27,Sample_S19S_0055_Sed_Field_ICR.U_p2,284.1503618
7,Sample_S19S_0055_Sed_Field_ICR.U_p2,285.0745358
22,Sample_S19S_0055_Sed_Field_ICR.U_p2,285.0768513
13,Sample_S19S_0055_Sed_Field_ICR.U_p2,285.0802217
20,Sample_S19S_0055_Sed_Field_ICR.U_p2,285.0980306
8,Sample_S19S_0055_Sed_Field_ICR.U_p2,285.1262347
58,Sample_S19S_0055_Sed_Field_ICR.U_p2,285.1343948
64,Sample_S19S_0055_Sed_Field_ICR.U_p2,285.17075
19,Sample_S19S_0055_Sed_Field_ICR.U_p2,285.2071124
19,Sample_S19S_0055_Sed_Field_ICR.U_p2,286.1660572
56,Sample_S19S_0055_Sed_Field_ICR.U_p2,287.0772537
70,Sample_S19S_0055_Sed_Field_ICR.U_p2,287.1136282
69,Sample_S19S_0055_Sed_Field_ICR.U_p2,287.150015
53,Sample_S19S_0055_Sed_Field_ICR.U_p2,287.1864124
26,Sample_S19S_0055_Sed_Field_ICR.U_p2,287.2228145
21,Sample_S19S_0055_Sed_Field_ICR.U_p2,288.1817132
44,Sample_S19S_0055_Sed_Field_ICR.U_p2,289.0717704
47,Sample_S19S_0055_Sed_Field_ICR.U_p2,289.0929075
47,Sample_S19S_0055_Sed_Field_ICR.U_p2,289.1081489
57,Sample_S19S_0055_Sed_Field_ICR.U_p2,289.1292776
45,Sample_S19S_0055_Sed_Field_ICR.U_p2,289.1445478
56,Sample_S19S_0055_Sed_Field_ICR.U_p2,289.1656738
40,Sample_S19S_0055_Sed_Field_ICR.U_p2,289.1809407
2,Sample_S19S_0055_Sed_Field_ICR.U_p2,289.9868879
17,Sample_S19S_0055_Sed_Field_ICR.U_p2,290.1245994
16,Sample_S19S_0055_Sed_Field_ICR.U_p2,290.139811
16,Sample_S19S_0055_Sed_Field_ICR.U_p2,290.197347
7,Sample_S19S_0055_Sed_Field_ICR.U_p2,291.0146759
3,Sample_S19S_0055_Sed_Field_ICR.U_p2,291.0251535
53,Sample_S19S_0055_Sed_Field_ICR.U_p2,291.1237966
57,Sample_S19S_0055_Sed_Field_ICR.U_p2,291.1601932
4,Sample_S19S_0055_Sed_Field_ICR.U_p2,291.1635897
48,Sample_S19S_0055_Sed_Field_ICR.U_p2,291.1965973
12,Sample_S19S_0055_Sed_Field_ICR.U_p2,292.1038307
7,Sample_S19S_0055_Sed_Field_ICR.U_p2,292.2129776
26,Sample_S19S_0055_Sed_Field_ICR.U_p2,293.0667099
65,Sample_S19S_0055_Sed_Field_ICR.U_p2,293.1030793
3,Sample_S19S_0055_Sed_Field_ICR.U_p2,293.1143295
80,Sample_S19S_0055_Sed_Field_ICR.U_p2,293.1394564
19,Sample_S19S_0055_Sed_Field_ICR.U_p2,293.1757942
49,Sample_S19S_0055_Sed_Field_ICR.U_p2,293.2122379
34,Sample_S19S_0055_Sed_Field_ICR.U_p2,295.0459444
72,Sample_S19S_0055_Sed_Field_ICR.U_p2,295.0823376
86,Sample_S19S_0055_Sed_Field_ICR.U_p2,295.1187213
4,Sample_S19S_0055_Sed_Field_ICR.U_p2,295.137392
20,Sample_S19S_0055_Sed_Field_ICR.U_p2,295.1398774
79,Sample_S19S_0055_Sed_Field_ICR.U_p2,295.1550986
55,Sample_S19S_0055_Sed_Field_ICR.U_p2,295.1914926
43,Sample_S19S_0055_Sed_Field_ICR.U_p2,295.227888
3,Sample_S19S_0055_Sed_Field_ICR.U_p2,296.0636807
1,Sample_S19S_0055_Sed_Field_ICR.U_p2,296.9897231
22,Sample_S19S_0055_Sed_Field_ICR.U_p2,297.0616262
8,Sample_S19S_0055_Sed_Field_ICR.U_p2,297.080232
37,Sample_S19S_0055_Sed_Field_ICR.U_p2,297.0980154
13,Sample_S19S_0055_Sed_Field_ICR.U_p2,297.116632
37,Sample_S19S_0055_Sed_Field_ICR.U_p2,297.1344063
9,Sample_S19S_0055_Sed_Field_ICR.U_p2,297.1473271
9,Sample_S19S_0055_Sed_Field_ICR.U_p2,297.1529844
1,Sample_S19S_0055_Sed_Field_ICR.U_p2,297.1585184
37,Sample_S19S_0055_Sed_Field_ICR.U_p2,297.1707937
21,Sample_S19S_0055_Sed_Field_ICR.U_p2,297.2071894
24,Sample_S19S_0055_Sed_Field_ICR.U_p2,297.2435585
19,Sample_S19S_0055_Sed_Field_ICR.U_p2,298.0932671
16,Sample_S19S_0055_Sed_Field_ICR.U_p2,299.0408894
7,Sample_S19S_0055_Sed_Field_ICR.U_p2,299.0538173
43,Sample_S19S_0055_Sed_Field_ICR.U_p2,299.0772616
13,Sample_S19S_0055_Sed_Field_ICR.U_p2,299.0902587
12,Sample_S19S_0055_Sed_Field_ICR.U_p2,299.0958611
65,Sample_S19S_0055_Sed_Field_ICR.U_p2,299.1136455
83,Sample_S19S_0055_Sed_Field_ICR.U_p2,299.1500243
1,Sample_S19S_0055_Sed_Field_ICR.U_p2,299.1572826
51,Sample_S19S_0055_Sed_Field_ICR.U_p2,299.1864335
8,Sample_S19S_0055_Sed_Field_ICR.U_p2,299.2016499
21,Sample_S19S_0055_Sed_Field_ICR.U_p2,299.2228305
14,Sample_S19S_0055_Sed_Field_ICR.U_p2,299.2592121
25,Sample_S19S_0055_Sed_Field_ICR.U_p2,300.1453117
5,Sample_S19S_0055_Sed_Field_ICR.U_p2,301.0387674
15,Sample_S19S_0055_Sed_Field_ICR.U_p2,301.071792
12,Sample_S19S_0055_Sed_Field_ICR.U_p2,301.0751454
51,Sample_S19S_0055_Sed_Field_ICR.U_p2,301.129318
58,Sample_S19S_0055_Sed_Field_ICR.U_p2,301.1656955
52,Sample_S19S_0055_Sed_Field_ICR.U_p2,301.202066
17,Sample_S19S_0055_Sed_Field_ICR.U_p2,301.2173326
22,Sample_S19S_0055_Sed_Field_ICR.U_p2,302.1245742
22,Sample_S19S_0055_Sed_Field_ICR.U_p2,302.1609828
61,Sample_S19S_0055_Sed_Field_ICR.U_p2,303.1085414
66,Sample_S19S_0055_Sed_Field_ICR.U_p2,303.1449308
31,Sample_S19S_0055_Sed_Field_ICR.U_p2,303.1602155
45,Sample_S19S_0055_Sed_Field_ICR.U_p2,303.1813306
26,Sample_S19S_0055_Sed_Field_ICR.U_p2,303.2177327
1,Sample_S19S_0055_Sed_Field_ICR.U_p2,304.0535752
21,Sample_S19S_0055_Sed_Field_ICR.U_p2,304.1402446
5,Sample_S19S_0055_Sed_Field_ICR.U_p2,304.1766628
47,Sample_S19S_0055_Sed_Field_ICR.U_p2,305.0666877
28,Sample_S19S_0055_Sed_Field_ICR.U_p2,305.087829
31,Sample_S19S_0055_Sed_Field_ICR.U_p2,305.1242388
51,Sample_S19S_0055_Sed_Field_ICR.U_p2,305.1758605
9,Sample_S19S_0055_Sed_Field_ICR.U_p2,306.1195211
7,Sample_S19S_0055_Sed_Field_ICR.U_p2,306.192305
2,Sample_S19S_0055_Sed_Field_ICR.U_p2,306.9732295
30,Sample_S19S_0055_Sed_Field_ICR.U_p2,307.1187572
50,Sample_S19S_0055_Sed_Field_ICR.U_p2,307.1551342
5,Sample_S19S_0055_Sed_Field_ICR.U_p2,307.1585022
53,Sample_S19S_0055_Sed_Field_ICR.U_p2,307.1915179
1,Sample_S19S_0055_Sed_Field_ICR.U_p2,308.0736409
3,Sample_S19S_0055_Sed_Field_ICR.U_p2,308.2079497
67,Sample_S19S_0055_Sed_Field_ICR.U_p2,309.0979773
80,Sample_S19S_0055_Sed_Field_ICR.U_p2,309.1343649
10,Sample_S19S_0055_Sed_Field_ICR.U_p2,309.1530159
70,Sample_S19S_0055_Sed_Field_ICR.U_p2,309.1707647
6,Sample_S19S_0055_Sed_Field_ICR.U_p2,309.1741269
27,Sample_S19S_0055_Sed_Field_ICR.U_p2,309.2071806
4,Sample_S19S_0055_Sed_Field_ICR.U_p2,310.1144501
12,Sample_S19S_0055_Sed_Field_ICR.U_p2,310.1508222
43,Sample_S19S_0055_Sed_Field_ICR.U_p2,311.0772659
13,Sample_S19S_0055_Sed_Field_ICR.U_p2,311.0925054
9,Sample_S19S_0055_Sed_Field_ICR.U_p2,311.0958599
96,Sample_S19S_0055_Sed_Field_ICR.U_p2,311.1136352
12,Sample_S19S_0055_Sed_Field_ICR.U_p2,311.132285
93,Sample_S19S_0055_Sed_Field_ICR.U_p2,311.1500195
4,Sample_S19S_0055_Sed_Field_ICR.U_p2,311.1686157
63,Sample_S19S_0055_Sed_Field_ICR.U_p2,311.186419
22,Sample_S19S_0055_Sed_Field_ICR.U_p2,311.2228309
17,Sample_S19S_0055_Sed_Field_ICR.U_p2,312.1453188
2,Sample_S19S_0055_Sed_Field_ICR.U_p2,312.9846454
21,Sample_S19S_0055_Sed_Field_ICR.U_p2,313.0565398
41,Sample_S19S_0055_Sed_Field_ICR.U_p2,313.0929245
10,Sample_S19S_0055_Sed_Field_ICR.U_p2,313.1115031
65,Sample_S19S_0055_Sed_Field_ICR.U_p2,313.1293014
13,Sample_S19S_0055_Sed_Field_ICR.U_p2,313.1479364
73,Sample_S19S_0055_Sed_Field_ICR.U_p2,313.1656688
2,Sample_S19S_0055_Sed_Field_ICR.U_p2,313.1729347
9,Sample_S19S_0055_Sed_Field_ICR.U_p2,313.1809708
46,Sample_S19S_0055_Sed_Field_ICR.U_p2,313.2020808
24,Sample_S19S_0055_Sed_Field_ICR.U_p2,313.2384778
29,Sample_S19S_0055_Sed_Field_ICR.U_p2,314.1245573
29,Sample_S19S_0055_Sed_Field_ICR.U_p2,314.1609464
15,Sample_S19S_0055_Sed_Field_ICR.U_p2,314.1973467
32,Sample_S19S_0055_Sed_Field_ICR.U_p2,315.0721791
7,Sample_S19S_0055_Sed_Field_ICR.U_p2,315.0851358
11,Sample_S19S_0055_Sed_Field_ICR.U_p2,315.0873994
48,Sample_S19S_0055_Sed_Field_ICR.U_p2,315.1085755
60,Sample_S19S_0055_Sed_Field_ICR.U_p2,315.1449559
57,Sample_S19S_0055_Sed_Field_ICR.U_p2,315.1813307
9,Sample_S19S_0055_Sed_Field_ICR.U_p2,315.1966265
47,Sample_S19S_0055_Sed_Field_ICR.U_p2,315.217727
4,Sample_S19S_0055_Sed_Field_ICR.U_p2,315.2290147
15,Sample_S19S_0055_Sed_Field_ICR.U_p2,315.2541325
2,Sample_S19S_0055_Sed_Field_ICR.U_p2,316.0803454
25,Sample_S19S_0055_Sed_Field_ICR.U_p2,316.1402237
8,Sample_S19S_0055_Sed_Field_ICR.U_p2,316.1514197
10,Sample_S19S_0055_Sed_Field_ICR.U_p2,316.2130272
41,Sample_S19S_0055_Sed_Field_ICR.U_p2,317.124227
50,Sample_S19S_0055_Sed_Field_ICR.U_p2,317.1394552
54,Sample_S19S_0055_Sed_Field_ICR.U_p2,317.1606071
36,Sample_S19S_0055_Sed_Field_ICR.U_p2,317.1758589
45,Sample_S19S_0055_Sed_Field_ICR.U_p2,317.1969836
1,Sample_S19S_0055_Sed_Field_ICR.U_p2,317.2110618
17,Sample_S19S_0055_Sed_Field_ICR.U_p2,317.2122753
3,Sample_S19S_0055_Sed_Field_ICR.U_p2,317.2446454
29,Sample_S19S_0055_Sed_Field_ICR.U_p2,318.1558543
11,Sample_S19S_0055_Sed_Field_ICR.U_p2,318.2286611
1,Sample_S19S_0055_Sed_Field_ICR.U_p2,319.0644839
24,Sample_S19S_0055_Sed_Field_ICR.U_p2,319.103481
53,Sample_S19S_0055_Sed_Field_ICR.U_p2,319.1551015
41,Sample_S19S_0055_Sed_Field_ICR.U_p2,319.1915149
13,Sample_S19S_0055_Sed_Field_ICR.U_p2,319.2278385
2,Sample_S19S_0055_Sed_Field_ICR.U_p2,320.0623999
24,Sample_S19S_0055_Sed_Field_ICR.U_p2,320.1351354
14,Sample_S19S_0055_Sed_Field_ICR.U_p2,320.1503998
21,Sample_S19S_0055_Sed_Field_ICR.U_p2,320.1715427
4,Sample_S19S_0055_Sed_Field_ICR.U_p2,320.2442999
19,Sample_S19S_0055_Sed_Field_ICR.U_p2,321.0616406
26,Sample_S19S_0055_Sed_Field_ICR.U_p2,321.0980285
52,Sample_S19S_0055_Sed_Field_ICR.U_p2,321.1343949
2,Sample_S19S_0055_Sed_Field_ICR.U_p2,321.1530533
56,Sample_S19S_0055_Sed_Field_ICR.U_p2,321.1707672
17,Sample_S19S_0055_Sed_Field_ICR.U_p2,321.2201744
8,Sample_S19S_0055_Sed_Field_ICR.U_p2,321.2435871
14,Sample_S19S_0055_Sed_Field_ICR.U_p2,322.1144282
2,Sample_S19S_0055_Sed_Field_ICR.U_p2,322.1508517
5,Sample_S19S_0055_Sed_Field_ICR.U_p2,322.1872255
24,Sample_S19S_0055_Sed_Field_ICR.U_p2,323.0408542
56,Sample_S19S_0055_Sed_Field_ICR.U_p2,323.0772527
30,Sample_S19S_0055_Sed_Field_ICR.U_p2,323.1136726
62,Sample_S19S_0055_Sed_Field_ICR.U_p2,323.1500462
8,Sample_S19S_0055_Sed_Field_ICR.U_p2,323.1686736
69,Sample_S19S_0055_Sed_Field_ICR.U_p2,323.1864241
22,Sample_S19S_0055_Sed_Field_ICR.U_p2,323.2228388
9,Sample_S19S_0055_Sed_Field_ICR.U_p2,324.1300834
27,Sample_S19S_0055_Sed_Field_ICR.U_p2,324.1453087
16,Sample_S19S_0055_Sed_Field_ICR.U_p2,324.1664479
9,Sample_S19S_0055_Sed_Field_ICR.U_p2,324.2028461
2,Sample_S19S_0055_Sed_Field_ICR.U_p2,325.04429
62,Sample_S19S_0055_Sed_Field_ICR.U_p2,325.0928926
15,Sample_S19S_0055_Sed_Field_ICR.U_p2,325.111525
62,Sample_S19S_0055_Sed_Field_ICR.U_p2,325.1292996
13,Sample_S19S_0055_Sed_Field_ICR.U_p2,325.1479013
59,Sample_S19S_0055_Sed_Field_ICR.U_p2,325.1657004
1,Sample_S19S_0055_Sed_Field_ICR.U_p2,325.1842438
71,Sample_S19S_0055_Sed_Field_ICR.U_p2,325.2020573
26,Sample_S19S_0055_Sed_Field_ICR.U_p2,325.2384393
20,Sample_S19S_0055_Sed_Field_ICR.U_p2,327.0722018
44,Sample_S19S_0055_Sed_Field_ICR.U_p2,327.1085831
10,Sample_S19S_0055_Sed_Field_ICR.U_p2,327.1271924
67,Sample_S19S_0055_Sed_Field_ICR.U_p2,327.1449492
7,Sample_S19S_0055_Sed_Field_ICR.U_p2,327.1636073
2,Sample_S19S_0055_Sed_Field_ICR.U_p2,327.1801504
13,Sample_S19S_0055_Sed_Field_ICR.U_p2,327.2177565
32,Sample_S19S_0055_Sed_Field_ICR.U_p2,327.2540983
1,Sample_S19S_0055_Sed_Field_ICR.U_p2,328.143611
6,Sample_S19S_0055_Sed_Field_ICR.U_p2,328.1514425
21,Sample_S19S_0055_Sed_Field_ICR.U_p2,328.1766323
59,Sample_S19S_0055_Sed_Field_ICR.U_p2,329.0878075
19,Sample_S19S_0055_Sed_Field_ICR.U_p2,329.1030905
53,Sample_S19S_0055_Sed_Field_ICR.U_p2,329.1242163
3,Sample_S19S_0055_Sed_Field_ICR.U_p2,329.1370769
9,Sample_S19S_0055_Sed_Field_ICR.U_p2,329.1427997
3,Sample_S19S_0055_Sed_Field_ICR.U_p2,329.145371
1,Sample_S19S_0055_Sed_Field_ICR.U_p2,329.152419
31,Sample_S19S_0055_Sed_Field_ICR.U_p2,329.1758446
53,Sample_S19S_0055_Sed_Field_ICR.U_p2,329.1969687
30,Sample_S19S_0055_Sed_Field_ICR.U_p2,329.2333488
28,Sample_S19S_0055_Sed_Field_ICR.U_p2,330.1194763
3,Sample_S19S_0055_Sed_Field_ICR.U_p2,330.1307217
19,Sample_S19S_0055_Sed_Field_ICR.U_p2,330.192266
9,Sample_S19S_0055_Sed_Field_ICR.U_p2,331.0459941
20,Sample_S19S_0055_Sed_Field_ICR.U_p2,331.0823608
26,Sample_S19S_0055_Sed_Field_ICR.U_p2,331.1034998
38,Sample_S19S_0055_Sed_Field_ICR.U_p2,331.1187275
24,Sample_S19S_0055_Sed_Field_ICR.U_p2,331.1399002
58,Sample_S19S_0055_Sed_Field_ICR.U_p2,331.1762541
15,Sample_S19S_0055_Sed_Field_ICR.U_p2,331.1915481
13,Sample_S19S_0055_Sed_Field_ICR.U_p2,331.2126721
3,Sample_S19S_0055_Sed_Field_ICR.U_p2,331.2239268
6,Sample_S19S_0055_Sed_Field_ICR.U_p2,331.2490738
21,Sample_S19S_0055_Sed_Field_ICR.U_p2,332.1351167
6,Sample_S19S_0055_Sed_Field_ICR.U_p2,333.0252702
14,Sample_S19S_0055_Sed_Field_ICR.U_p2,333.0616512
11,Sample_S19S_0055_Sed_Field_ICR.U_p2,333.1191757
24,Sample_S19S_0055_Sed_Field_ICR.U_p2,333.1344131
1,Sample_S19S_0055_Sed_Field_ICR.U_p2,333.1563644
26,Sample_S19S_0055_Sed_Field_ICR.U_p2,333.1707943
38,Sample_S19S_0055_Sed_Field_ICR.U_p2,333.2071238
4,Sample_S19S_0055_Sed_Field_ICR.U_p2,333.2395661
6,Sample_S19S_0055_Sed_Field_ICR.U_p2,334.0780188
15,Sample_S19S_0055_Sed_Field_ICR.U_p2,334.1144217
8,Sample_S19S_0055_Sed_Field_ICR.U_p2,334.1508295
20,Sample_S19S_0055_Sed_Field_ICR.U_p2,334.187185
7,Sample_S19S_0055_Sed_Field_ICR.U_p2,334.2235949
12,Sample_S19S_0055_Sed_Field_ICR.U_p2,335.0409093
40,Sample_S19S_0055_Sed_Field_ICR.U_p2,335.0772597
34,Sample_S19S_0055_Sed_Field_ICR.U_p2,335.1136067
54,Sample_S19S_0055_Sed_Field_ICR.U_p2,335.150042
50,Sample_S19S_0055_Sed_Field_ICR.U_p2,335.1864245
37,Sample_S19S_0055_Sed_Field_ICR.U_p2,335.2227808
13,Sample_S19S_0055_Sed_Field_ICR.U_p2,335.2358032
1,Sample_S19S_0055_Sed_Field_ICR.U_p2,335.2552472
4,Sample_S19S_0055_Sed_Field_ICR.U_p2,336.1301036
4,Sample_S19S_0055_Sed_Field_ICR.U_p2,336.1453517
18,Sample_S19S_0055_Sed_Field_ICR.U_p2,336.1664659
15,Sample_S19S_0055_Sed_Field_ICR.U_p2,337.0695448
47,Sample_S19S_0055_Sed_Field_ICR.U_p2,337.0929176
79,Sample_S19S_0055_Sed_Field_ICR.U_p2,337.1292866
65,Sample_S19S_0055_Sed_Field_ICR.U_p2,337.1656867
11,Sample_S19S_0055_Sed_Field_ICR.U_p2,337.2021218
37,Sample_S19S_0055_Sed_Field_ICR.U_p2,337.238454
17,Sample_S19S_0055_Sed_Field_ICR.U_p2,338.182098
41,Sample_S19S_0055_Sed_Field_ICR.U_p2,338.1973113
1,Sample_S19S_0055_Sed_Field_ICR.U_p2,339.0599282
45,Sample_S19S_0055_Sed_Field_ICR.U_p2,339.0721726
75,Sample_S19S_0055_Sed_Field_ICR.U_p2,339.1085453
29,Sample_S19S_0055_Sed_Field_ICR.U_p2,339.1449816
8,Sample_S19S_0055_Sed_Field_ICR.U_p2,339.1635623
13,Sample_S19S_0055_Sed_Field_ICR.U_p2,339.1660725
59,Sample_S19S_0055_Sed_Field_ICR.U_p2,339.1813533
6,Sample_S19S_0055_Sed_Field_ICR.U_p2,339.1999929
34,Sample_S19S_0055_Sed_Field_ICR.U_p2,339.2177427
12,Sample_S19S_0055_Sed_Field_ICR.U_p2,339.2541495
1,Sample_S19S_0055_Sed_Field_ICR.U_p2,340.1530783
6,Sample_S19S_0055_Sed_Field_ICR.U_p2,340.1613194
16,Sample_S19S_0055_Sed_Field_ICR.U_p2,340.212932
1,Sample_S19S_0055_Sed_Field_ICR.U_p2,341.0391625
13,Sample_S19S_0055_Sed_Field_ICR.U_p2,341.0644368
61,Sample_S19S_0055_Sed_Field_ICR.U_p2,341.0878109
22,Sample_S19S_0055_Sed_Field_ICR.U_p2,341.100854
5,Sample_S19S_0055_Sed_Field_ICR.U_p2,341.1031062
24,Sample_S19S_0055_Sed_Field_ICR.U_p2,341.12425
14,Sample_S19S_0055_Sed_Field_ICR.U_p2,341.1428161
2,Sample_S19S_0055_Sed_Field_ICR.U_p2,341.1501405
56,Sample_S19S_0055_Sed_Field_ICR.U_p2,341.1606173
7,Sample_S19S_0055_Sed_Field_ICR.U_p2,341.179252
69,Sample_S19S_0055_Sed_Field_ICR.U_p2,341.1969848
14,Sample_S19S_0055_Sed_Field_ICR.U_p2,341.2122336
10,Sample_S19S_0055_Sed_Field_ICR.U_p2,341.2334189
41,Sample_S19S_0055_Sed_Field_ICR.U_p2,342.155837
6,Sample_S19S_0055_Sed_Field_ICR.U_p2,342.1670651
6,Sample_S19S_0055_Sed_Field_ICR.U_p2,343.0823925
67,Sample_S19S_0055_Sed_Field_ICR.U_p2,343.1034685
19,Sample_S19S_0055_Sed_Field_ICR.U_p2,343.1164862
14,Sample_S19S_0055_Sed_Field_ICR.U_p2,343.1399075
19,Sample_S19S_0055_Sed_Field_ICR.U_p2,343.1584698
56,Sample_S19S_0055_Sed_Field_ICR.U_p2,343.1762631
48,Sample_S19S_0055_Sed_Field_ICR.U_p2,343.2126496
20,Sample_S19S_0055_Sed_Field_ICR.U_p2,343.2278942
22,Sample_S19S_0055_Sed_Field_ICR.U_p2,343.2490426
4,Sample_S19S_0055_Sed_Field_ICR.U_p2,344.1350437
28,Sample_S19S_0055_Sed_Field_ICR.U_p2,344.1715382
6,Sample_S19S_0055_Sed_Field_ICR.U_p2,344.1827031
5,Sample_S19S_0055_Sed_Field_ICR.U_p2,344.1997897
30,Sample_S19S_0055_Sed_Field_ICR.U_p2,344.2078759
7,Sample_S19S_0055_Sed_Field_ICR.U_p2,345.0592829
17,Sample_S19S_0055_Sed_Field_ICR.U_p2,345.0827674
43,Sample_S19S_0055_Sed_Field_ICR.U_p2,345.1191373
11,Sample_S19S_0055_Sed_Field_ICR.U_p2,345.1344288
30,Sample_S19S_0055_Sed_Field_ICR.U_p2,345.1555412
33,Sample_S19S_0055_Sed_Field_ICR.U_p2,345.170772
9,Sample_S19S_0055_Sed_Field_ICR.U_p2,345.1919508
40,Sample_S19S_0055_Sed_Field_ICR.U_p2,345.2282779
30,Sample_S19S_0055_Sed_Field_ICR.U_p2,346.1507606
3,Sample_S19S_0055_Sed_Field_ICR.U_p2,346.1619628
26,Sample_S19S_0055_Sed_Field_ICR.U_p2,346.1871921
6,Sample_S19S_0055_Sed_Field_ICR.U_p2,346.2154294
18,Sample_S19S_0055_Sed_Field_ICR.U_p2,347.0903002
22,Sample_S19S_0055_Sed_Field_ICR.U_p2,347.1348045
48,Sample_S19S_0055_Sed_Field_ICR.U_p2,347.1500262
36,Sample_S19S_0055_Sed_Field_ICR.U_p2,347.1711801
10,Sample_S19S_0055_Sed_Field_ICR.U_p2,347.1864695
38,Sample_S19S_0055_Sed_Field_ICR.U_p2,347.2228007
16,Sample_S19S_0055_Sed_Field_ICR.U_p2,348.1300774
25,Sample_S19S_0055_Sed_Field_ICR.U_p2,348.1664038
19,Sample_S19S_0055_Sed_Field_ICR.U_p2,348.2028318
8,Sample_S19S_0055_Sed_Field_ICR.U_p2,348.231087
24,Sample_S19S_0055_Sed_Field_ICR.U_p2,349.1059291
59,Sample_S19S_0055_Sed_Field_ICR.U_p2,349.1656793
20,Sample_S19S_0055_Sed_Field_ICR.U_p2,349.2021049
17,Sample_S19S_0055_Sed_Field_ICR.U_p2,350.1457077
13,Sample_S19S_0055_Sed_Field_ICR.U_p2,350.1821173
11,Sample_S19S_0055_Sed_Field_ICR.U_p2,350.2184616
19,Sample_S19S_0055_Sed_Field_ICR.U_p2,351.0357871
1,Sample_S19S_0055_Sed_Field_ICR.U_p2,351.0521169
29,Sample_S19S_0055_Sed_Field_ICR.U_p2,351.0721501
28,Sample_S19S_0055_Sed_Field_ICR.U_p2,351.121581
6,Sample_S19S_0055_Sed_Field_ICR.U_p2,351.1344703
29,Sample_S19S_0055_Sed_Field_ICR.U_p2,351.1449775
65,Sample_S19S_0055_Sed_Field_ICR.U_p2,351.1813076
40,Sample_S19S_0055_Sed_Field_ICR.U_p2,351.2177372
2,Sample_S19S_0055_Sed_Field_ICR.U_p2,351.2210572
14,Sample_S19S_0055_Sed_Field_ICR.U_p2,351.2307319
2,Sample_S19S_0055_Sed_Field_ICR.U_p2,351.2500934
16,Sample_S19S_0055_Sed_Field_ICR.U_p2,352.1613622
37,Sample_S19S_0055_Sed_Field_ICR.U_p2,352.1765943
6,Sample_S19S_0055_Sed_Field_ICR.U_p2,353.0150696
2,Sample_S19S_0055_Sed_Field_ICR.U_p2,353.0391953
1,Sample_S19S_0055_Sed_Field_ICR.U_p2,353.0490772
12,Sample_S19S_0055_Sed_Field_ICR.U_p2,353.0514753
54,Sample_S19S_0055_Sed_Field_ICR.U_p2,353.0878166
18,Sample_S19S_0055_Sed_Field_ICR.U_p2,353.1008561
46,Sample_S19S_0055_Sed_Field_ICR.U_p2,353.124233
51,Sample_S19S_0055_Sed_Field_ICR.U_p2,353.1605629
25,Sample_S19S_0055_Sed_Field_ICR.U_p2,353.1736275
6,Sample_S19S_0055_Sed_Field_ICR.U_p2,353.2003494
19,Sample_S19S_0055_Sed_Field_ICR.U_p2,353.2099396
20,Sample_S19S_0055_Sed_Field_ICR.U_p2,353.2333297
9,Sample_S19S_0055_Sed_Field_ICR.U_p2,354.1922902
14,Sample_S19S_0055_Sed_Field_ICR.U_p2,355.0671162
11,Sample_S19S_0055_Sed_Field_ICR.U_p2,355.0801167
62,Sample_S19S_0055_Sed_Field_ICR.U_p2,355.1034699
25,Sample_S19S_0055_Sed_Field_ICR.U_p2,355.1164999
1,Sample_S19S_0055_Sed_Field_ICR.U_p2,355.1294217
17,Sample_S19S_0055_Sed_Field_ICR.U_p2,355.1399086
11,Sample_S19S_0055_Sed_Field_ICR.U_p2,355.1584835
71,Sample_S19S_0055_Sed_Field_ICR.U_p2,355.1762476
19,Sample_S19S_0055_Sed_Field_ICR.U_p2,355.2126797
14,Sample_S19S_0055_Sed_Field_ICR.U_p2,355.2489795
4,Sample_S19S_0055_Sed_Field_ICR.U_p2,356.1270168
4,Sample_S19S_0055_Sed_Field_ICR.U_p2,356.1562442
38,Sample_S19S_0055_Sed_Field_ICR.U_p2,356.1715182
28,Sample_S19S_0055_Sed_Field_ICR.U_p2,356.207852
45,Sample_S19S_0055_Sed_Field_ICR.U_p2,357.0827228
6,Sample_S19S_0055_Sed_Field_ICR.U_p2,357.0957003
3,Sample_S19S_0055_Sed_Field_ICR.U_p2,357.1085992
18,Sample_S19S_0055_Sed_Field_ICR.U_p2,357.1110353
66,Sample_S19S_0055_Sed_Field_ICR.U_p2,357.1191097
11,Sample_S19S_0055_Sed_Field_ICR.U_p2,357.1377249
74,Sample_S19S_0055_Sed_Field_ICR.U_p2,357.1554992
1,Sample_S19S_0055_Sed_Field_ICR.U_p2,357.1739556
67,Sample_S19S_0055_Sed_Field_ICR.U_p2,357.191896
17,Sample_S19S_0055_Sed_Field_ICR.U_p2,357.2071705
53,Sample_S19S_0055_Sed_Field_ICR.U_p2,357.2282738
25,Sample_S19S_0055_Sed_Field_ICR.U_p2,357.2646796
22,Sample_S19S_0055_Sed_Field_ICR.U_p2,358.1507103
24,Sample_S19S_0055_Sed_Field_ICR.U_p2,358.1871972
2,Sample_S19S_0055_Sed_Field_ICR.U_p2,358.1983945
31,Sample_S19S_0055_Sed_Field_ICR.U_p2,358.2235211
11,Sample_S19S_0055_Sed_Field_ICR.U_p2,359.1114184
47,Sample_S19S_0055_Sed_Field_ICR.U_p2,359.1347452
46,Sample_S19S_0055_Sed_Field_ICR.U_p2,359.1500213
1,Sample_S19S_0055_Sed_Field_ICR.U_p2,359.1533018
51,Sample_S19S_0055_Sed_Field_ICR.U_p2,359.1711775
36,Sample_S19S_0055_Sed_Field_ICR.U_p2,359.1864203
23,Sample_S19S_0055_Sed_Field_ICR.U_p2,359.2074846
27,Sample_S19S_0055_Sed_Field_ICR.U_p2,359.2227778
40,Sample_S19S_0055_Sed_Field_ICR.U_p2,359.2439319
3,Sample_S19S_0055_Sed_Field_ICR.U_p2,360.1299489
29,Sample_S19S_0055_Sed_Field_ICR.U_p2,360.1664452
4,Sample_S19S_0055_Sed_Field_ICR.U_p2,360.1946802
10,Sample_S19S_0055_Sed_Field_ICR.U_p2,360.2027516
14,Sample_S19S_0055_Sed_Field_ICR.U_p2,360.2391994
7,Sample_S19S_0055_Sed_Field_ICR.U_p2,360.2674679
31,Sample_S19S_0055_Sed_Field_ICR.U_p2,361.1140532
35,Sample_S19S_0055_Sed_Field_ICR.U_p2,361.1423317
52,Sample_S19S_0055_Sed_Field_ICR.U_p2,361.1504109
1,Sample_S19S_0055_Sed_Field_ICR.U_p2,361.1577949
32,Sample_S19S_0055_Sed_Field_ICR.U_p2,361.1657046
39,Sample_S19S_0055_Sed_Field_ICR.U_p2,361.186829
38,Sample_S19S_0055_Sed_Field_ICR.U_p2,361.2020508
14,Sample_S19S_0055_Sed_Field_ICR.U_p2,361.2151155
38,Sample_S19S_0055_Sed_Field_ICR.U_p2,361.2231964
13,Sample_S19S_0055_Sed_Field_ICR.U_p2,361.2384924
9,Sample_S19S_0055_Sed_Field_ICR.U_p2,362.1093336
20,Sample_S19S_0055_Sed_Field_ICR.U_p2,362.1821174
23,Sample_S19S_0055_Sed_Field_ICR.U_p2,363.1215932
20,Sample_S19S_0055_Sed_Field_ICR.U_p2,363.1449786
33,Sample_S19S_0055_Sed_Field_ICR.U_p2,363.1812892
27,Sample_S19S_0055_Sed_Field_ICR.U_p2,363.1943423
47,Sample_S19S_0055_Sed_Field_ICR.U_p2,363.2177281
8,Sample_S19S_0055_Sed_Field_ICR.U_p2,363.2210679
5,Sample_S19S_0055_Sed_Field_ICR.U_p2,363.2670624
18,Sample_S19S_0055_Sed_Field_ICR.U_p2,364.1613157
10,Sample_S19S_0055_Sed_Field_ICR.U_p2,364.2259804
5,Sample_S19S_0055_Sed_Field_ICR.U_p2,365.015069
24,Sample_S19S_0055_Sed_Field_ICR.U_p2,365.1008669
34,Sample_S19S_0055_Sed_Field_ICR.U_p2,365.1241727
29,Sample_S19S_0055_Sed_Field_ICR.U_p2,365.137244
18,Sample_S19S_0055_Sed_Field_ICR.U_p2,365.1606438
54,Sample_S19S_0055_Sed_Field_ICR.U_p2,365.1969623
30,Sample_S19S_0055_Sed_Field_ICR.U_p2,365.2100088
22,Sample_S19S_0055_Sed_Field_ICR.U_p2,365.2334124
11,Sample_S19S_0055_Sed_Field_ICR.U_p2,366.1558943
13,Sample_S19S_0055_Sed_Field_ICR.U_p2,366.1769935
5,Sample_S19S_0055_Sed_Field_ICR.U_p2,366.2416661
22,Sample_S19S_0055_Sed_Field_ICR.U_p2,367.0671094
14,Sample_S19S_0055_Sed_Field_ICR.U_p2,367.0801169
62,Sample_S19S_0055_Sed_Field_ICR.U_p2,367.1034613
14,Sample_S19S_0055_Sed_Field_ICR.U_p2,367.1165264
4,Sample_S19S_0055_Sed_Field_ICR.U_p2,367.1399195
51,Sample_S19S_0055_Sed_Field_ICR.U_p2,367.1762158
27,Sample_S19S_0055_Sed_Field_ICR.U_p2,367.189277
54,Sample_S19S_0055_Sed_Field_ICR.U_p2,367.2126519
4,Sample_S19S_0055_Sed_Field_ICR.U_p2,367.2255178
4,Sample_S19S_0055_Sed_Field_ICR.U_p2,368.1117355
4,Sample_S19S_0055_Sed_Field_ICR.U_p2,368.1562607
48,Sample_S19S_0055_Sed_Field_ICR.U_p2,368.1714856
1,Sample_S19S_0055_Sed_Field_ICR.U_p2,368.9766214
27,Sample_S19S_0055_Sed_Field_ICR.U_p2,369.0827443
11,Sample_S19S_0055_Sed_Field_ICR.U_p2,369.0957223
9,Sample_S19S_0055_Sed_Field_ICR.U_p2,369.1190631
24,Sample_S19S_0055_Sed_Field_ICR.U_p2,369.1321274
62,Sample_S19S_0055_Sed_Field_ICR.U_p2,369.1555194
28,Sample_S19S_0055_Sed_Field_ICR.U_p2,369.1685393
17,Sample_S19S_0055_Sed_Field_ICR.U_p2,369.1837969
20,Sample_S19S_0055_Sed_Field_ICR.U_p2,369.2048492
52,Sample_S19S_0055_Sed_Field_ICR.U_p2,369.2282876
1,Sample_S19S_0055_Sed_Field_ICR.U_p2,370.2882172
21,Sample_S19S_0055_Sed_Field_ICR.U_p2,371.0620102
16,Sample_S19S_0055_Sed_Field_ICR.U_p2,371.0983408
11,Sample_S19S_0055_Sed_Field_ICR.U_p2,371.1113408
14,Sample_S19S_0055_Sed_Field_ICR.U_p2,371.1136558
2,Sample_S19S_0055_Sed_Field_ICR.U_p2,371.1243249
42,Sample_S19S_0055_Sed_Field_ICR.U_p2,371.1347918
10,Sample_S19S_0055_Sed_Field_ICR.U_p2,371.1533601
55,Sample_S19S_0055_Sed_Field_ICR.U_p2,371.171134
41,Sample_S19S_0055_Sed_Field_ICR.U_p2,371.2075705
37,Sample_S19S_0055_Sed_Field_ICR.U_p2,371.2439257
1,Sample_S19S_0055_Sed_Field_ICR.U_p2,372.0700982
22,Sample_S19S_0055_Sed_Field_ICR.U_p2,372.2028242
8,Sample_S19S_0055_Sed_Field_ICR.U_p2,372.2140099
3,Sample_S19S_0055_Sed_Field_ICR.U_p2,372.3038234
10,Sample_S19S_0055_Sed_Field_ICR.U_p2,373.09294
19,Sample_S19S_0055_Sed_Field_ICR.U_p2,373.1059583
37,Sample_S19S_0055_Sed_Field_ICR.U_p2,373.1140108
15,Sample_S19S_0055_Sed_Field_ICR.U_p2,373.1504711
49,Sample_S19S_0055_Sed_Field_ICR.U_p2,373.1867821
32,Sample_S19S_0055_Sed_Field_ICR.U_p2,373.2020495
48,Sample_S19S_0055_Sed_Field_ICR.U_p2,373.2231881
1,Sample_S19S_0055_Sed_Field_ICR.U_p2,373.262692
5,Sample_S19S_0055_Sed_Field_ICR.U_p2,373.287836
1,Sample_S19S_0055_Sed_Field_ICR.U_p2,374.1053424
29,Sample_S19S_0055_Sed_Field_ICR.U_p2,374.1456527
21,Sample_S19S_0055_Sed_Field_ICR.U_p2,374.1820296
20,Sample_S19S_0055_Sed_Field_ICR.U_p2,374.2184652
51,Sample_S19S_0055_Sed_Field_ICR.U_p2,375.1449442
34,Sample_S19S_0055_Sed_Field_ICR.U_p2,375.1579842
17,Sample_S19S_0055_Sed_Field_ICR.U_p2,375.1660121
2,Sample_S19S_0055_Sed_Field_ICR.U_p2,375.1708025
29,Sample_S19S_0055_Sed_Field_ICR.U_p2,375.1812892
37,Sample_S19S_0055_Sed_Field_ICR.U_p2,375.194367
34,Sample_S19S_0055_Sed_Field_ICR.U_p2,375.2024285
5,Sample_S19S_0055_Sed_Field_ICR.U_p2,375.2055729
37,Sample_S19S_0055_Sed_Field_ICR.U_p2,375.2177037
14,Sample_S19S_0055_Sed_Field_ICR.U_p2,375.230771
12,Sample_S19S_0055_Sed_Field_ICR.U_p2,375.2387855
18,Sample_S19S_0055_Sed_Field_ICR.U_p2,376.1249335
28,Sample_S19S_0055_Sed_Field_ICR.U_p2,376.1765432
3,Sample_S19S_0055_Sed_Field_ICR.U_p2,376.1895594
18,Sample_S19S_0055_Sed_Field_ICR.U_p2,376.1976905
2,Sample_S19S_0055_Sed_Field_ICR.U_p2,377.0856228
18,Sample_S19S_0055_Sed_Field_ICR.U_p2,377.100823
23,Sample_S19S_0055_Sed_Field_ICR.U_p2,377.1372608
45,Sample_S19S_0055_Sed_Field_ICR.U_p2,377.1606102
35,Sample_S19S_0055_Sed_Field_ICR.U_p2,377.1735945
20,Sample_S19S_0055_Sed_Field_ICR.U_p2,377.1969233
22,Sample_S19S_0055_Sed_Field_ICR.U_p2,377.2099902
42,Sample_S19S_0055_Sed_Field_ICR.U_p2,377.2333521
17,Sample_S19S_0055_Sed_Field_ICR.U_p2,377.2463996
5,Sample_S19S_0055_Sed_Field_ICR.U_p2,378.2052199
12,Sample_S19S_0055_Sed_Field_ICR.U_p2,378.2416575
9,Sample_S19S_0055_Sed_Field_ICR.U_p2,379.0800689
60,Sample_S19S_0055_Sed_Field_ICR.U_p2,379.1034645
20,Sample_S19S_0055_Sed_Field_ICR.U_p2,379.1165229
68,Sample_S19S_0055_Sed_Field_ICR.U_p2,379.1398402
31,Sample_S19S_0055_Sed_Field_ICR.U_p2,379.1528588
70,Sample_S19S_0055_Sed_Field_ICR.U_p2,379.1762343
37,Sample_S19S_0055_Sed_Field_ICR.U_p2,379.1892722
37,Sample_S19S_0055_Sed_Field_ICR.U_p2,379.2126518
24,Sample_S19S_0055_Sed_Field_ICR.U_p2,379.2256462
12,Sample_S19S_0055_Sed_Field_ICR.U_p2,379.2489573
11,Sample_S19S_0055_Sed_Field_ICR.U_p2,379.2620178
7,Sample_S19S_0055_Sed_Field_ICR.U_p2,380.1116712
28,Sample_S19S_0055_Sed_Field_ICR.U_p2,380.2078457
6,Sample_S19S_0055_Sed_Field_ICR.U_p2,380.2208704
4,Sample_S19S_0055_Sed_Field_ICR.U_p2,381.0826619
13,Sample_S19S_0055_Sed_Field_ICR.U_p2,381.095685
62,Sample_S19S_0055_Sed_Field_ICR.U_p2,381.1191186
23,Sample_S19S_0055_Sed_Field_ICR.U_p2,381.1321708
71,Sample_S19S_0055_Sed_Field_ICR.U_p2,381.1555031
22,Sample_S19S_0055_Sed_Field_ICR.U_p2,381.1684945
57,Sample_S19S_0055_Sed_Field_ICR.U_p2,381.1918695
17,Sample_S19S_0055_Sed_Field_ICR.U_p2,381.204939
45,Sample_S19S_0055_Sed_Field_ICR.U_p2,381.2282913
1,Sample_S19S_0055_Sed_Field_ICR.U_p2,381.2316122
5,Sample_S19S_0055_Sed_Field_ICR.U_p2,381.2411757
8,Sample_S19S_0055_Sed_Field_ICR.U_p2,382.1273741
19,Sample_S19S_0055_Sed_Field_ICR.U_p2,382.1507159
34,Sample_S19S_0055_Sed_Field_ICR.U_p2,382.1871664
61,Sample_S19S_0055_Sed_Field_ICR.U_p2,383.0983806
9,Sample_S19S_0055_Sed_Field_ICR.U_p2,383.1113231
17,Sample_S19S_0055_Sed_Field_ICR.U_p2,383.1266887
13,Sample_S19S_0055_Sed_Field_ICR.U_p2,383.1347075
23,Sample_S19S_0055_Sed_Field_ICR.U_p2,383.1477567
34,Sample_S19S_0055_Sed_Field_ICR.U_p2,383.1711132
24,Sample_S19S_0055_Sed_Field_ICR.U_p2,383.184187
57,Sample_S19S_0055_Sed_Field_ICR.U_p2,383.2075249
6,Sample_S19S_0055_Sed_Field_ICR.U_p2,383.2204433
38,Sample_S19S_0055_Sed_Field_ICR.U_p2,383.2439132
37,Sample_S19S_0055_Sed_Field_ICR.U_p2,384.1664077
35,Sample_S19S_0055_Sed_Field_ICR.U_p2,384.2027906
35,Sample_S19S_0055_Sed_Field_ICR.U_p2,385.0776412
3,Sample_S19S_0055_Sed_Field_ICR.U_p2,385.1035059
16,Sample_S19S_0055_Sed_Field_ICR.U_p2,385.1139909
6,Sample_S19S_0055_Sed_Field_ICR.U_p2,385.1269543
20,Sample_S19S_0055_Sed_Field_ICR.U_p2,385.1292595
19,Sample_S19S_0055_Sed_Field_ICR.U_p2,385.1423072
39,Sample_S19S_0055_Sed_Field_ICR.U_p2,385.1503825
1,Sample_S19S_0055_Sed_Field_ICR.U_p2,385.1767945
52,Sample_S19S_0055_Sed_Field_ICR.U_p2,385.1868285
15,Sample_S19S_0055_Sed_Field_ICR.U_p2,385.1997774
14,Sample_S19S_0055_Sed_Field_ICR.U_p2,385.2151169
20,Sample_S19S_0055_Sed_Field_ICR.U_p2,385.2231361
34,Sample_S19S_0055_Sed_Field_ICR.U_p2,385.2595906
42,Sample_S19S_0055_Sed_Field_ICR.U_p2,386.1820531
2,Sample_S19S_0055_Sed_Field_ICR.U_p2,387.1152688
65,Sample_S19S_0055_Sed_Field_ICR.U_p2,387.1296791
22,Sample_S19S_0055_Sed_Field_ICR.U_p2,387.1579654
1,Sample_S19S_0055_Sed_Field_ICR.U_p2,387.1926326
29,Sample_S19S_0055_Sed_Field_ICR.U_p2,387.19436
32,Sample_S19S_0055_Sed_Field_ICR.U_p2,387.2388297
4,Sample_S19S_0055_Sed_Field_ICR.U_p2,388.2987452
7,Sample_S19S_0055_Sed_Field_ICR.U_p2,389.051417
14,Sample_S19S_0055_Sed_Field_ICR.U_p2,389.1008827
18,Sample_S19S_0055_Sed_Field_ICR.U_p2,389.1372295
28,Sample_S19S_0055_Sed_Field_ICR.U_p2,389.1736085
26,Sample_S19S_0055_Sed_Field_ICR.U_p2,389.1816725
41,Sample_S19S_0055_Sed_Field_ICR.U_p2,389.1969883
1,Sample_S19S_0055_Sed_Field_ICR.U_p2,390.2132816
2,Sample_S19S_0055_Sed_Field_ICR.U_p2,390.3143698
16,Sample_S19S_0055_Sed_Field_ICR.U_p2,391.1034381
21,Sample_S19S_0055_Sed_Field_ICR.U_p2,391.1528412
34,Sample_S19S_0055_Sed_Field_ICR.U_p2,391.1762035
22,Sample_S19S_0055_Sed_Field_ICR.U_p2,391.1892281
1,Sample_S19S_0055_Sed_Field_ICR.U_p2,391.2003766
46,Sample_S19S_0055_Sed_Field_ICR.U_p2,391.212612
14,Sample_S19S_0055_Sed_Field_ICR.U_p2,391.2256863
10,Sample_S19S_0055_Sed_Field_ICR.U_p2,391.2620068
12,Sample_S19S_0055_Sed_Field_ICR.U_p2,392.1845385
11,Sample_S19S_0055_Sed_Field_ICR.U_p2,392.2209084
2,Sample_S19S_0055_Sed_Field_ICR.U_p2,392.2572106
36,Sample_S19S_0055_Sed_Field_ICR.U_p2,393.1191285
24,Sample_S19S_0055_Sed_Field_ICR.U_p2,393.1321265
1,Sample_S19S_0055_Sed_Field_ICR.U_p2,393.1475032
31,Sample_S19S_0055_Sed_Field_ICR.U_p2,393.1554711
26,Sample_S19S_0055_Sed_Field_ICR.U_p2,393.1685262
2,Sample_S19S_0055_Sed_Field_ICR.U_p2,393.181404
20,Sample_S19S_0055_Sed_Field_ICR.U_p2,393.1919402
1,Sample_S19S_0055_Sed_Field_ICR.U_p2,393.1951707
26,Sample_S19S_0055_Sed_Field_ICR.U_p2,393.2049392
4,Sample_S19S_0055_Sed_Field_ICR.U_p2,393.2161336
20,Sample_S19S_0055_Sed_Field_ICR.U_p2,393.2282185
20,Sample_S19S_0055_Sed_Field_ICR.U_p2,393.2412462
4,Sample_S19S_0055_Sed_Field_ICR.U_p2,393.2776995
3,Sample_S19S_0055_Sed_Field_ICR.U_p2,394.1637274
35,Sample_S19S_0055_Sed_Field_ICR.U_p2,394.18716
10,Sample_S19S_0055_Sed_Field_ICR.U_p2,394.2001939
7,Sample_S19S_0055_Sed_Field_ICR.U_p2,394.2364931
2,Sample_S19S_0055_Sed_Field_ICR.U_p2,394.9051548
6,Sample_S19S_0055_Sed_Field_ICR.U_p2,395.0619708
16,Sample_S19S_0055_Sed_Field_ICR.U_p2,395.0984243
22,Sample_S19S_0055_Sed_Field_ICR.U_p2,395.1114167
71,Sample_S19S_0055_Sed_Field_ICR.U_p2,395.1347697
27,Sample_S19S_0055_Sed_Field_ICR.U_p2,395.1477706
33,Sample_S19S_0055_Sed_Field_ICR.U_p2,395.171191
24,Sample_S19S_0055_Sed_Field_ICR.U_p2,395.2075813
22,Sample_S19S_0055_Sed_Field_ICR.U_p2,395.2205826
3,Sample_S19S_0055_Sed_Field_ICR.U_p2,395.2317962
16,Sample_S19S_0055_Sed_Field_ICR.U_p2,395.2438669
10,Sample_S19S_0055_Sed_Field_ICR.U_p2,396.1430161
7,Sample_S19S_0055_Sed_Field_ICR.U_p2,396.1875433
20,Sample_S19S_0055_Sed_Field_ICR.U_p2,396.2028408
8,Sample_S19S_0055_Sed_Field_ICR.U_p2,396.2158367
34,Sample_S19S_0055_Sed_Field_ICR.U_p2,397.1140135
20,Sample_S19S_0055_Sed_Field_ICR.U_p2,397.1270557
60,Sample_S19S_0055_Sed_Field_ICR.U_p2,397.1504225
26,Sample_S19S_0055_Sed_Field_ICR.U_p2,397.1634297
29,Sample_S19S_0055_Sed_Field_ICR.U_p2,397.1867602
16,Sample_S19S_0055_Sed_Field_ICR.U_p2,397.1997808
6,Sample_S19S_0055_Sed_Field_ICR.U_p2,397.2151289
49,Sample_S19S_0055_Sed_Field_ICR.U_p2,397.2232052
29,Sample_S19S_0055_Sed_Field_ICR.U_p2,397.2595669
5,Sample_S19S_0055_Sed_Field_ICR.U_p2,398.1222468
38,Sample_S19S_0055_Sed_Field_ICR.U_p2,398.1456531
39,Sample_S19S_0055_Sed_Field_ICR.U_p2,398.182038
1,Sample_S19S_0055_Sed_Field_ICR.U_p2,398.9994202
24,Sample_S19S_0055_Sed_Field_ICR.U_p2,399.0932727
6,Sample_S19S_0055_Sed_Field_ICR.U_p2,399.1086044
41,Sample_S19S_0055_Sed_Field_ICR.U_p2,399.1296635
18,Sample_S19S_0055_Sed_Field_ICR.U_p2,399.1427258
15,Sample_S19S_0055_Sed_Field_ICR.U_p2,399.1579458
3,Sample_S19S_0055_Sed_Field_ICR.U_p2,399.1659287
16,Sample_S19S_0055_Sed_Field_ICR.U_p2,399.1790309
19,Sample_S19S_0055_Sed_Field_ICR.U_p2,399.1943775
49,Sample_S19S_0055_Sed_Field_ICR.U_p2,399.2024375
20,Sample_S19S_0055_Sed_Field_ICR.U_p2,399.2388025
3,Sample_S19S_0055_Sed_Field_ICR.U_p2,399.2751285
4,Sample_S19S_0055_Sed_Field_ICR.U_p2,400.1896335
14,Sample_S19S_0055_Sed_Field_ICR.U_p2,401.1219343
1,Sample_S19S_0055_Sed_Field_ICR.U_p2,401.1349335
51,Sample_S19S_0055_Sed_Field_ICR.U_p2,401.1453284
19,Sample_S19S_0055_Sed_Field_ICR.U_p2,401.158363
22,Sample_S19S_0055_Sed_Field_ICR.U_p2,401.1736033
11,Sample_S19S_0055_Sed_Field_ICR.U_p2,401.1816514
29,Sample_S19S_0055_Sed_Field_ICR.U_p2,401.2100146
37,Sample_S19S_0055_Sed_Field_ICR.U_p2,401.2180808
12,Sample_S19S_0055_Sed_Field_ICR.U_p2,401.2464231
21,Sample_S19S_0055_Sed_Field_ICR.U_p2,401.2544603
14,Sample_S19S_0055_Sed_Field_ICR.U_p2,402.1405573
3,Sample_S19S_0055_Sed_Field_ICR.U_p2,402.2779887
16,Sample_S19S_0055_Sed_Field_ICR.U_p2,403.1164656
24,Sample_S19S_0055_Sed_Field_ICR.U_p2,403.1529106
1,Sample_S19S_0055_Sed_Field_ICR.U_p2,403.1873543
39,Sample_S19S_0055_Sed_Field_ICR.U_p2,403.1973716
20,Sample_S19S_0055_Sed_Field_ICR.U_p2,403.2256482
14,Sample_S19S_0055_Sed_Field_ICR.U_p2,403.2336971
25,Sample_S19S_0055_Sed_Field_ICR.U_p2,404.1926065
4,Sample_S19S_0055_Sed_Field_ICR.U_p2,404.2937097
25,Sample_S19S_0055_Sed_Field_ICR.U_p2,405.1321292
2,Sample_S19S_0055_Sed_Field_ICR.U_p2,405.1449744
30,Sample_S19S_0055_Sed_Field_ICR.U_p2,405.1685606
31,Sample_S19S_0055_Sed_Field_ICR.U_p2,405.1918632
20,Sample_S19S_0055_Sed_Field_ICR.U_p2,405.2048711
12,Sample_S19S_0055_Sed_Field_ICR.U_p2,405.2412525
13,Sample_S19S_0055_Sed_Field_ICR.U_p2,405.2776864
9,Sample_S19S_0055_Sed_Field_ICR.U_p2,406.2364932
5,Sample_S19S_0055_Sed_Field_ICR.U_p2,406.3092961
7,Sample_S19S_0055_Sed_Field_ICR.U_p2,407.0620299
38,Sample_S19S_0055_Sed_Field_ICR.U_p2,407.0983755
14,Sample_S19S_0055_Sed_Field_ICR.U_p2,407.1113661
29,Sample_S19S_0055_Sed_Field_ICR.U_p2,407.1477958
6,Sample_S19S_0055_Sed_Field_ICR.U_p2,407.1606835
3,Sample_S19S_0055_Sed_Field_ICR.U_p2,407.1712237
17,Sample_S19S_0055_Sed_Field_ICR.U_p2,407.2075913
25,Sample_S19S_0055_Sed_Field_ICR.U_p2,407.2205546
1,Sample_S19S_0055_Sed_Field_ICR.U_p2,408.1873845
16,Sample_S19S_0055_Sed_Field_ICR.U_p2,408.2158005
1,Sample_S19S_0055_Sed_Field_ICR.U_p2,409.0930287
46,Sample_S19S_0055_Sed_Field_ICR.U_p2,409.1140221
24,Sample_S19S_0055_Sed_Field_ICR.U_p2,409.1270356
4,Sample_S19S_0055_Sed_Field_ICR.U_p2,409.1455464
60,Sample_S19S_0055_Sed_Field_ICR.U_p2,409.1504235
1,Sample_S19S_0055_Sed_Field_ICR.U_p2,409.15767
16,Sample_S19S_0055_Sed_Field_ICR.U_p2,409.1633923
1,Sample_S19S_0055_Sed_Field_ICR.U_p2,409.1762635
10,Sample_S19S_0055_Sed_Field_ICR.U_p2,409.1787026
14,Sample_S19S_0055_Sed_Field_ICR.U_p2,409.1867344
13,Sample_S19S_0055_Sed_Field_ICR.U_p2,409.1997594
3,Sample_S19S_0055_Sed_Field_ICR.U_p2,409.2110293
59,Sample_S19S_0055_Sed_Field_ICR.U_p2,409.2231724
19,Sample_S19S_0055_Sed_Field_ICR.U_p2,409.236154
10,Sample_S19S_0055_Sed_Field_ICR.U_p2,409.2725381
1,Sample_S19S_0055_Sed_Field_ICR.U_p2,410.2313795
25,Sample_S19S_0055_Sed_Field_ICR.U_p2,411.0933142
8,Sample_S19S_0055_Sed_Field_ICR.U_p2,411.1062526
27,Sample_S19S_0055_Sed_Field_ICR.U_p2,411.1426758
20,Sample_S19S_0055_Sed_Field_ICR.U_p2,411.1579879
42,Sample_S19S_0055_Sed_Field_ICR.U_p2,411.1660419
20,Sample_S19S_0055_Sed_Field_ICR.U_p2,411.1790746
3,Sample_S19S_0055_Sed_Field_ICR.U_p2,411.2022993
22,Sample_S19S_0055_Sed_Field_ICR.U_p2,411.2154903
41,Sample_S19S_0055_Sed_Field_ICR.U_p2,411.2388467
11,Sample_S19S_0055_Sed_Field_ICR.U_p2,411.2517972
6,Sample_S19S_0055_Sed_Field_ICR.U_p2,412.137911
43,Sample_S19S_0055_Sed_Field_ICR.U_p2,412.1977027
39,Sample_S19S_0055_Sed_Field_ICR.U_p2,413.1089345
6,Sample_S19S_0055_Sed_Field_ICR.U_p2,413.1218266
1,Sample_S19S_0055_Sed_Field_ICR.U_p2,413.1347422
7,Sample_S19S_0055_Sed_Field_ICR.U_p2,413.1372735
10,Sample_S19S_0055_Sed_Field_ICR.U_p2,413.1452768
13,Sample_S19S_0055_Sed_Field_ICR.U_p2,413.1583079
1,Sample_S19S_0055_Sed_Field_ICR.U_p2,413.1637843
22,Sample_S19S_0055_Sed_Field_ICR.U_p2,413.1736056
6,Sample_S19S_0055_Sed_Field_ICR.U_p2,413.1816156
2,Sample_S19S_0055_Sed_Field_ICR.U_p2,413.1912682
9,Sample_S19S_0055_Sed_Field_ICR.U_p2,413.1946295
15,Sample_S19S_0055_Sed_Field_ICR.U_p2,413.2100122
27,Sample_S19S_0055_Sed_Field_ICR.U_p2,413.2180661
1,Sample_S19S_0055_Sed_Field_ICR.U_p2,413.2309523
28,Sample_S19S_0055_Sed_Field_ICR.U_p2,413.2544798
2,Sample_S19S_0055_Sed_Field_ICR.U_p2,414.1688288
2,Sample_S19S_0055_Sed_Field_ICR.U_p2,415.0671726
9,Sample_S19S_0055_Sed_Field_ICR.U_p2,415.1164835
2,Sample_S19S_0055_Sed_Field_ICR.U_p2,415.1310885
4,Sample_S19S_0055_Sed_Field_ICR.U_p2,415.1375363
8,Sample_S19S_0055_Sed_Field_ICR.U_p2,415.1529316
44,Sample_S19S_0055_Sed_Field_ICR.U_p2,415.1609859
42,Sample_S19S_0055_Sed_Field_ICR.U_p2,415.1973464
16,Sample_S19S_0055_Sed_Field_ICR.U_p2,415.2256541
19,Sample_S19S_0055_Sed_Field_ICR.U_p2,415.2336924
6,Sample_S19S_0055_Sed_Field_ICR.U_p2,416.1844953
17,Sample_S19S_0055_Sed_Field_ICR.U_p2,416.1925804
1,Sample_S19S_0055_Sed_Field_ICR.U_p2,417.1118683
34,Sample_S19S_0055_Sed_Field_ICR.U_p2,417.1191101
29,Sample_S19S_0055_Sed_Field_ICR.U_p2,417.1321667
28,Sample_S19S_0055_Sed_Field_ICR.U_p2,417.1402188
34,Sample_S19S_0055_Sed_Field_ICR.U_p2,417.1685514
10,Sample_S19S_0055_Sed_Field_ICR.U_p2,417.1765666
12,Sample_S19S_0055_Sed_Field_ICR.U_p2,417.2048604
6,Sample_S19S_0055_Sed_Field_ICR.U_p2,417.2128787
1,Sample_S19S_0055_Sed_Field_ICR.U_p2,417.2281724
14,Sample_S19S_0055_Sed_Field_ICR.U_p2,417.2493486
3,Sample_S19S_0055_Sed_Field_ICR.U_p2,418.1870763
8,Sample_S19S_0055_Sed_Field_ICR.U_p2,418.2729549
7,Sample_S19S_0055_Sed_Field_ICR.U_p2,419.1113471
15,Sample_S19S_0055_Sed_Field_ICR.U_p2,419.1478319
20,Sample_S19S_0055_Sed_Field_ICR.U_p2,419.1711927
36,Sample_S19S_0055_Sed_Field_ICR.U_p2,419.1842051
20,Sample_S19S_0055_Sed_Field_ICR.U_p2,419.2205119
4,Sample_S19S_0055_Sed_Field_ICR.U_p2,419.2933676
9,Sample_S19S_0055_Sed_Field_ICR.U_p2,420.2521315
3,Sample_S19S_0055_Sed_Field_ICR.U_p2,421.0777047
8,Sample_S19S_0055_Sed_Field_ICR.U_p2,421.0906648
17,Sample_S19S_0055_Sed_Field_ICR.U_p2,421.1270174
5,Sample_S19S_0055_Sed_Field_ICR.U_p2,421.139945
1,Sample_S19S_0055_Sed_Field_ICR.U_p2,421.1552081
1,Sample_S19S_0055_Sed_Field_ICR.U_p2,421.1608849
32,Sample_S19S_0055_Sed_Field_ICR.U_p2,421.1634511
3,Sample_S19S_0055_Sed_Field_ICR.U_p2,421.2265386
16,Sample_S19S_0055_Sed_Field_ICR.U_p2,421.2362004
1,Sample_S19S_0055_Sed_Field_ICR.U_p2,421.2724896
9,Sample_S19S_0055_Sed_Field_ICR.U_p2,422.2031632
56,Sample_S19S_0055_Sed_Field_ICR.U_p2,423.1296813
19,Sample_S19S_0055_Sed_Field_ICR.U_p2,423.1426961
6,Sample_S19S_0055_Sed_Field_ICR.U_p2,423.1555367
1,Sample_S19S_0055_Sed_Field_ICR.U_p2,423.1612045
14,Sample_S19S_0055_Sed_Field_ICR.U_p2,423.1661225
29,Sample_S19S_0055_Sed_Field_ICR.U_p2,423.179095
54,Sample_S19S_0055_Sed_Field_ICR.U_p2,423.2024382
24,Sample_S19S_0055_Sed_Field_ICR.U_p2,423.2154249
2,Sample_S19S_0055_Sed_Field_ICR.U_p2,423.2387546
6,Sample_S19S_0055_Sed_Field_ICR.U_p2,423.2517315
4,Sample_S19S_0055_Sed_Field_ICR.U_p2,424.1378327
2,Sample_S19S_0055_Sed_Field_ICR.U_p2,425.0524995
1,Sample_S19S_0055_Sed_Field_ICR.U_p2,425.0892806
14,Sample_S19S_0055_Sed_Field_ICR.U_p2,425.1089252
20,Sample_S19S_0055_Sed_Field_ICR.U_p2,425.1583275
2,Sample_S19S_0055_Sed_Field_ICR.U_p2,425.1712771
45,Sample_S19S_0055_Sed_Field_ICR.U_p2,425.1816982
20,Sample_S19S_0055_Sed_Field_ICR.U_p2,425.1947046
2,Sample_S19S_0055_Sed_Field_ICR.U_p2,425.2178813
17,Sample_S19S_0055_Sed_Field_ICR.U_p2,425.2311014
39,Sample_S19S_0055_Sed_Field_ICR.U_p2,425.2544996
14,Sample_S19S_0055_Sed_Field_ICR.U_p2,426.153527
46,Sample_S19S_0055_Sed_Field_ICR.U_p2,426.1769689
3,Sample_S19S_0055_Sed_Field_ICR.U_p2,426.2262885
1,Sample_S19S_0055_Sed_Field_ICR.U_p2,426.9313713
1,Sample_S19S_0055_Sed_Field_ICR.U_p2,427.0679112
12,Sample_S19S_0055_Sed_Field_ICR.U_p2,427.1375743
2,Sample_S19S_0055_Sed_Field_ICR.U_p2,427.1610597
1,Sample_S19S_0055_Sed_Field_ICR.U_p2,427.1683778
35,Sample_S19S_0055_Sed_Field_ICR.U_p2,427.1973395
18,Sample_S19S_0055_Sed_Field_ICR.U_p2,427.2103578
13,Sample_S19S_0055_Sed_Field_ICR.U_p2,427.22569
30,Sample_S19S_0055_Sed_Field_ICR.U_p2,427.2337286
25,Sample_S19S_0055_Sed_Field_ICR.U_p2,427.2701368
1,Sample_S19S_0055_Sed_Field_ICR.U_p2,428.1329164
12,Sample_S19S_0055_Sed_Field_ICR.U_p2,428.1925676
1,Sample_S19S_0055_Sed_Field_ICR.U_p2,429.0829209
14,Sample_S19S_0055_Sed_Field_ICR.U_p2,429.1532432
29,Sample_S19S_0055_Sed_Field_ICR.U_p2,429.1685491
25,Sample_S19S_0055_Sed_Field_ICR.U_p2,429.1765924
9,Sample_S19S_0055_Sed_Field_ICR.U_p2,429.1896712
37,Sample_S19S_0055_Sed_Field_ICR.U_p2,429.2129876
14,Sample_S19S_0055_Sed_Field_ICR.U_p2,429.2259972
29,Sample_S19S_0055_Sed_Field_ICR.U_p2,429.2494299
2,Sample_S19S_0055_Sed_Field_ICR.U_p2,430.1636821
20,Sample_S19S_0055_Sed_Field_ICR.U_p2,430.2083192
22,Sample_S19S_0055_Sed_Field_ICR.U_p2,431.098388
2,Sample_S19S_0055_Sed_Field_ICR.U_p2,431.1274922
24,Sample_S19S_0055_Sed_Field_ICR.U_p2,431.1477957
23,Sample_S19S_0055_Sed_Field_ICR.U_p2,431.1922364
10,Sample_S19S_0055_Sed_Field_ICR.U_p2,431.2206124
21,Sample_S19S_0055_Sed_Field_ICR.U_p2,431.2286229
3,Sample_S19S_0055_Sed_Field_ICR.U_p2,431.264934
14,Sample_S19S_0055_Sed_Field_ICR.U_p2,432.1794582
8,Sample_S19S_0055_Sed_Field_ICR.U_p2,432.1876103
1,Sample_S19S_0055_Sed_Field_ICR.U_p2,432.1945336
1,Sample_S19S_0055_Sed_Field_ICR.U_p2,432.9695275
3,Sample_S19S_0055_Sed_Field_ICR.U_p2,433.1139658
28,Sample_S19S_0055_Sed_Field_ICR.U_p2,433.1634586
8,Sample_S19S_0055_Sed_Field_ICR.U_p2,433.1998888
25,Sample_S19S_0055_Sed_Field_ICR.U_p2,433.2079014
12,Sample_S19S_0055_Sed_Field_ICR.U_p2,433.2361951
5,Sample_S19S_0055_Sed_Field_ICR.U_p2,433.3089812
10,Sample_S19S_0055_Sed_Field_ICR.U_p2,434.2677929
16,Sample_S19S_0055_Sed_Field_ICR.U_p2,435.1426364
29,Sample_S19S_0055_Sed_Field_ICR.U_p2,435.1790631
5,Sample_S19S_0055_Sed_Field_ICR.U_p2,435.1919753
16,Sample_S19S_0055_Sed_Field_ICR.U_p2,435.2155119
20,Sample_S19S_0055_Sed_Field_ICR.U_p2,435.25188
6,Sample_S19S_0055_Sed_Field_ICR.U_p2,436.1742724
1,Sample_S19S_0055_Sed_Field_ICR.U_p2,436.9644408
2,Sample_S19S_0055_Sed_Field_ICR.U_p2,437.072483
7,Sample_S19S_0055_Sed_Field_ICR.U_p2,437.1219003
5,Sample_S19S_0055_Sed_Field_ICR.U_p2,437.1348583
27,Sample_S19S_0055_Sed_Field_ICR.U_p2,437.158378
33,Sample_S19S_0055_Sed_Field_ICR.U_p2,437.1817485
25,Sample_S19S_0055_Sed_Field_ICR.U_p2,437.1946984
16,Sample_S19S_0055_Sed_Field_ICR.U_p2,437.2310601
3,Sample_S19S_0055_Sed_Field_ICR.U_p2,438.1803628
2,Sample_S19S_0055_Sed_Field_ICR.U_p2,439.051737
1,Sample_S19S_0055_Sed_Field_ICR.U_p2,439.0865319
8,Sample_S19S_0055_Sed_Field_ICR.U_p2,439.1375419
1,Sample_S19S_0055_Sed_Field_ICR.U_p2,439.1505853
1,Sample_S19S_0055_Sed_Field_ICR.U_p2,439.1916893
11,Sample_S19S_0055_Sed_Field_ICR.U_p2,439.1973056
9,Sample_S19S_0055_Sed_Field_ICR.U_p2,439.2103099
5,Sample_S19S_0055_Sed_Field_ICR.U_p2,439.246834
23,Sample_S19S_0055_Sed_Field_ICR.U_p2,439.2701623
1,Sample_S19S_0055_Sed_Field_ICR.U_p2,440.1772314
1,Sample_S19S_0055_Sed_Field_ICR.U_p2,441.1015059
1,Sample_S19S_0055_Sed_Field_ICR.U_p2,441.1162891
31,Sample_S19S_0055_Sed_Field_ICR.U_p2,441.1402285
6,Sample_S19S_0055_Sed_Field_ICR.U_p2,441.1661555
9,Sample_S19S_0055_Sed_Field_ICR.U_p2,441.1765589
13,Sample_S19S_0055_Sed_Field_ICR.U_p2,441.1895875
16,Sample_S19S_0055_Sed_Field_ICR.U_p2,441.2129575
17,Sample_S19S_0055_Sed_Field_ICR.U_p2,441.2260326
13,Sample_S19S_0055_Sed_Field_ICR.U_p2,441.2494531
13,Sample_S19S_0055_Sed_Field_ICR.U_p2,443.0984287
6,Sample_S19S_0055_Sed_Field_ICR.U_p2,443.1478565
40,Sample_S19S_0055_Sed_Field_ICR.U_p2,443.1558944
9,Sample_S19S_0055_Sed_Field_ICR.U_p2,443.1688195
24,Sample_S19S_0055_Sed_Field_ICR.U_p2,443.1841796
7,Sample_S19S_0055_Sed_Field_ICR.U_p2,443.1922057
16,Sample_S19S_0055_Sed_Field_ICR.U_p2,443.2052319
11,Sample_S19S_0055_Sed_Field_ICR.U_p2,443.2205255
6,Sample_S19S_0055_Sed_Field_ICR.U_p2,443.2285235
24,Sample_S19S_0055_Sed_Field_ICR.U_p2,443.2650816
2,Sample_S19S_0055_Sed_Field_ICR.U_p2,444.2027089
11,Sample_S19S_0055_Sed_Field_ICR.U_p2,445.127011
1,Sample_S19S_0055_Sed_Field_ICR.U_p2,445.143074
26,Sample_S19S_0055_Sed_Field_ICR.U_p2,445.1634705
38,Sample_S19S_0055_Sed_Field_ICR.U_p2,445.1715289
35,Sample_S19S_0055_Sed_Field_ICR.U_p2,445.2079177
21,Sample_S19S_0055_Sed_Field_ICR.U_p2,445.2362316
24,Sample_S19S_0055_Sed_Field_ICR.U_p2,445.2442897
1,Sample_S19S_0055_Sed_Field_ICR.U_p2,446.0728598
6,Sample_S19S_0055_Sed_Field_ICR.U_p2,446.1586042
7,Sample_S19S_0055_Sed_Field_ICR.U_p2,446.2031197
1,Sample_S19S_0055_Sed_Field_ICR.U_p2,447.0666545
24,Sample_S19S_0055_Sed_Field_ICR.U_p2,447.1297048
18,Sample_S19S_0055_Sed_Field_ICR.U_p2,447.1427418
27,Sample_S19S_0055_Sed_Field_ICR.U_p2,447.179104
2,Sample_S19S_0055_Sed_Field_ICR.U_p2,447.1869913
4,Sample_S19S_0055_Sed_Field_ICR.U_p2,447.2023724
11,Sample_S19S_0055_Sed_Field_ICR.U_p2,447.2154152
3,Sample_S19S_0055_Sed_Field_ICR.U_p2,447.2234126
10,Sample_S19S_0055_Sed_Field_ICR.U_p2,447.2518394
1,Sample_S19S_0055_Sed_Field_ICR.U_p2,447.3246511
1,Sample_S19S_0055_Sed_Field_ICR.U_p2,448.1377698
1,Sample_S19S_0055_Sed_Field_ICR.U_p2,449.0637295
1,Sample_S19S_0055_Sed_Field_ICR.U_p2,449.0876682
33,Sample_S19S_0055_Sed_Field_ICR.U_p2,449.1583358
1,Sample_S19S_0055_Sed_Field_ICR.U_p2,449.1735875
10,Sample_S19S_0055_Sed_Field_ICR.U_p2,449.1946593
18,Sample_S19S_0055_Sed_Field_ICR.U_p2,449.2310912
1,Sample_S19S_0055_Sed_Field_ICR.U_p2,451.121391
16,Sample_S19S_0055_Sed_Field_ICR.U_p2,451.1739524
1,Sample_S19S_0055_Sed_Field_ICR.U_p2,451.1916101
10,Sample_S19S_0055_Sed_Field_ICR.U_p2,451.2103087
5,Sample_S19S_0055_Sed_Field_ICR.U_p2,451.2256352
15,Sample_S19S_0055_Sed_Field_ICR.U_p2,451.2467303
16,Sample_S19S_0055_Sed_Field_ICR.U_p2,453.1532352
2,Sample_S19S_0055_Sed_Field_ICR.U_p2,453.1661702
39,Sample_S19S_0055_Sed_Field_ICR.U_p2,453.1766436
27,Sample_S19S_0055_Sed_Field_ICR.U_p2,453.1896338
16,Sample_S19S_0055_Sed_Field_ICR.U_p2,453.2259797
5,Sample_S19S_0055_Sed_Field_ICR.U_p2,454.1484722
1,Sample_S19S_0055_Sed_Field_ICR.U_p2,454.9626353
3,Sample_S19S_0055_Sed_Field_ICR.U_p2,455.1453733
2,Sample_S19S_0055_Sed_Field_ICR.U_p2,455.1558023
1,Sample_S19S_0055_Sed_Field_ICR.U_p2,455.1816231
4,Sample_S19S_0055_Sed_Field_ICR.U_p2,455.1921775
21,Sample_S19S_0055_Sed_Field_ICR.U_p2,455.2052634
18,Sample_S19S_0055_Sed_Field_ICR.U_p2,455.2205892
4,Sample_S19S_0055_Sed_Field_ICR.U_p2,455.2285132
25,Sample_S19S_0055_Sed_Field_ICR.U_p2,455.2650512
1,Sample_S19S_0055_Sed_Field_ICR.U_p2,457.1611257
27,Sample_S19S_0055_Sed_Field_ICR.U_p2,457.1715231
13,Sample_S19S_0055_Sed_Field_ICR.U_p2,457.1998933
32,Sample_S19S_0055_Sed_Field_ICR.U_p2,457.2079257
2,Sample_S19S_0055_Sed_Field_ICR.U_p2,457.2225838
14,Sample_S19S_0055_Sed_Field_ICR.U_p2,457.2442623
4,Sample_S19S_0055_Sed_Field_ICR.U_p2,457.280565
2,Sample_S19S_0055_Sed_Field_ICR.U_p2,459.0932353
28,Sample_S19S_0055_Sed_Field_ICR.U_p2,459.1872169
13,Sample_S19S_0055_Sed_Field_ICR.U_p2,459.2155229
8,Sample_S19S_0055_Sed_Field_ICR.U_p2,459.2235091
5,Sample_S19S_0055_Sed_Field_ICR.U_p2,459.2598321
1,Sample_S19S_0055_Sed_Field_ICR.U_p2,460.1823248
1,Sample_S19S_0055_Sed_Field_ICR.U_p2,461.1088271
27,Sample_S19S_0055_Sed_Field_ICR.U_p2,461.1583343
8,Sample_S19S_0055_Sed_Field_ICR.U_p2,461.1948089
31,Sample_S19S_0055_Sed_Field_ICR.U_p2,461.2311454
2,Sample_S19S_0055_Sed_Field_ICR.U_p2,461.2544198
2,Sample_S19S_0055_Sed_Field_ICR.U_p2,463.124491
3,Sample_S19S_0055_Sed_Field_ICR.U_p2,463.1375144
10,Sample_S19S_0055_Sed_Field_ICR.U_p2,463.1739081
30,Sample_S19S_0055_Sed_Field_ICR.U_p2,463.210366
22,Sample_S19S_0055_Sed_Field_ICR.U_p2,465.1532935
2,Sample_S19S_0055_Sed_Field_ICR.U_p2,465.1686035
28,Sample_S19S_0055_Sed_Field_ICR.U_p2,465.1896305
8,Sample_S19S_0055_Sed_Field_ICR.U_p2,465.2259434
3,Sample_S19S_0055_Sed_Field_ICR.U_p2,467.1348605
1,Sample_S19S_0055_Sed_Field_ICR.U_p2,467.1686807
18,Sample_S19S_0055_Sed_Field_ICR.U_p2,467.2052403
23,Sample_S19S_0055_Sed_Field_ICR.U_p2,467.2416996
3,Sample_S19S_0055_Sed_Field_ICR.U_p2,468.1682663
5,Sample_S19S_0055_Sed_Field_ICR.U_p2,469.1843946
27,Sample_S19S_0055_Sed_Field_ICR.U_p2,469.2078959
20,Sample_S19S_0055_Sed_Field_ICR.U_p2,469.2209608
32,Sample_S19S_0055_Sed_Field_ICR.U_p2,469.2442937
11,Sample_S19S_0055_Sed_Field_ICR.U_p2,469.2806636
3,Sample_S19S_0055_Sed_Field_ICR.U_p2,471.093255
1,Sample_S19S_0055_Sed_Field_ICR.U_p2,471.1765598
19,Sample_S19S_0055_Sed_Field_ICR.U_p2,471.2235442
14,Sample_S19S_0055_Sed_Field_ICR.U_p2,471.2365788
2,Sample_S19S_0055_Sed_Field_ICR.U_p2,471.2601635
1,Sample_S19S_0055_Sed_Field_ICR.U_p2,471.2961918
1,Sample_S19S_0055_Sed_Field_ICR.U_p2,473.090512
10,Sample_S19S_0055_Sed_Field_ICR.U_p2,473.1946924
7,Sample_S19S_0055_Sed_Field_ICR.U_p2,473.2027392
2,Sample_S19S_0055_Sed_Field_ICR.U_p2,473.2157338
32,Sample_S19S_0055_Sed_Field_ICR.U_p2,473.2311386
22,Sample_S19S_0055_Sed_Field_ICR.U_p2,473.2392065
1,Sample_S19S_0055_Sed_Field_ICR.U_p2,473.2826415
3,Sample_S19S_0055_Sed_Field_ICR.U_p2,475.0881586
38,Sample_S19S_0055_Sed_Field_ICR.U_p2,475.1609843
24,Sample_S19S_0055_Sed_Field_ICR.U_p2,475.1739813
6,Sample_S19S_0055_Sed_Field_ICR.U_p2,475.2103074
2,Sample_S19S_0055_Sed_Field_ICR.U_p2,476.2499866
5,Sample_S19S_0055_Sed_Field_ICR.U_p2,477.0674882
2,Sample_S19S_0055_Sed_Field_ICR.U_p2,477.1037802
9,Sample_S19S_0055_Sed_Field_ICR.U_p2,477.1531747
12,Sample_S19S_0055_Sed_Field_ICR.U_p2,477.1895617
30,Sample_S19S_0055_Sed_Field_ICR.U_p2,477.2260597
10,Sample_S19S_0055_Sed_Field_ICR.U_p2,477.2493418
19,Sample_S19S_0055_Sed_Field_ICR.U_p2,477.262427
17,Sample_S19S_0055_Sed_Field_ICR.U_p2,478.1848919
5,Sample_S19S_0055_Sed_Field_ICR.U_p2,479.1194663
7,Sample_S19S_0055_Sed_Field_ICR.U_p2,479.1689644
29,Sample_S19S_0055_Sed_Field_ICR.U_p2,479.2053091
1,Sample_S19S_0055_Sed_Field_ICR.U_p2,479.2229016
21,Sample_S19S_0055_Sed_Field_ICR.U_p2,479.2416827
4,Sample_S19S_0055_Sed_Field_ICR.U_p2,480.151082
2,Sample_S19S_0055_Sed_Field_ICR.U_p2,481.113988
7,Sample_S19S_0055_Sed_Field_ICR.U_p2,481.1634867
17,Sample_S19S_0055_Sed_Field_ICR.U_p2,481.1845085
10,Sample_S19S_0055_Sed_Field_ICR.U_p2,481.2208584
12,Sample_S19S_0055_Sed_Field_ICR.U_p2,481.2572296
8,Sample_S19S_0055_Sed_Field_ICR.U_p2,483.1297323
8,Sample_S19S_0055_Sed_Field_ICR.U_p2,483.1791639
16,Sample_S19S_0055_Sed_Field_ICR.U_p2,483.2001521
5,Sample_S19S_0055_Sed_Field_ICR.U_p2,483.2234722
2,Sample_S19S_0055_Sed_Field_ICR.U_p2,483.259746
1,Sample_S19S_0055_Sed_Field_ICR.U_p2,485.1425106
4,Sample_S19S_0055_Sed_Field_ICR.U_p2,485.2390821
4,Sample_S19S_0055_Sed_Field_ICR.U_p2,485.275439
1,Sample_S19S_0055_Sed_Field_ICR.U_p2,487.0414933
7,Sample_S19S_0055_Sed_Field_ICR.U_p2,487.2104698
21,Sample_S19S_0055_Sed_Field_ICR.U_p2,487.2184679
7,Sample_S19S_0055_Sed_Field_ICR.U_p2,487.2468303
19,Sample_S19S_0055_Sed_Field_ICR.U_p2,487.254845
2,Sample_S19S_0055_Sed_Field_ICR.U_p2,487.2911792
1,Sample_S19S_0055_Sed_Field_ICR.U_p2,489.1296758
14,Sample_S19S_0055_Sed_Field_ICR.U_p2,489.1895365
8,Sample_S19S_0055_Sed_Field_ICR.U_p2,489.2259164
3,Sample_S19S_0055_Sed_Field_ICR.U_p2,489.2703605
3,Sample_S19S_0055_Sed_Field_ICR.U_p2,491.0830123
22,Sample_S19S_0055_Sed_Field_ICR.U_p2,491.1689084
6,Sample_S19S_0055_Sed_Field_ICR.U_p2,491.2053832
1,Sample_S19S_0055_Sed_Field_ICR.U_p2,491.2230199
6,Sample_S19S_0055_Sed_Field_ICR.U_p2,491.2417678
26,Sample_S19S_0055_Sed_Field_ICR.U_p2,491.2650776
11,Sample_S19S_0055_Sed_Field_ICR.U_p2,491.2780744
1,Sample_S19S_0055_Sed_Field_ICR.U_p2,491.2933268
1,Sample_S19S_0055_Sed_Field_ICR.U_p2,491.3199542
5,Sample_S19S_0055_Sed_Field_ICR.U_p2,493.1846305
24,Sample_S19S_0055_Sed_Field_ICR.U_p2,493.2209368
1,Sample_S19S_0055_Sed_Field_ICR.U_p2,493.2418569
10,Sample_S19S_0055_Sed_Field_ICR.U_p2,493.2572378
1,Sample_S19S_0055_Sed_Field_ICR.U_p2,493.2935422
1,Sample_S19S_0055_Sed_Field_ICR.U_p2,493.3356088
11,Sample_S19S_0055_Sed_Field_ICR.U_p2,494.1798099
2,Sample_S19S_0055_Sed_Field_ICR.U_p2,495.1427989
17,Sample_S19S_0055_Sed_Field_ICR.U_p2,495.1638346
12,Sample_S19S_0055_Sed_Field_ICR.U_p2,495.2001254
11,Sample_S19S_0055_Sed_Field_ICR.U_p2,497.1793886
6,Sample_S19S_0055_Sed_Field_ICR.U_p2,497.2157304
1,Sample_S19S_0055_Sed_Field_ICR.U_p2,497.2390455
8,Sample_S19S_0055_Sed_Field_ICR.U_p2,498.1617513
4,Sample_S19S_0055_Sed_Field_ICR.U_p2,498.174552
1,Sample_S19S_0055_Sed_Field_ICR.U_p2,499.0599371
11,Sample_S19S_0055_Sed_Field_ICR.U_p2,499.1951215
7,Sample_S19S_0055_Sed_Field_ICR.U_p2,499.2184243
3,Sample_S19S_0055_Sed_Field_ICR.U_p2,499.2546595
1,Sample_S19S_0055_Sed_Field_ICR.U_p2,501.0570516
21,Sample_S19S_0055_Sed_Field_ICR.U_p2,501.1896846
15,Sample_S19S_0055_Sed_Field_ICR.U_p2,501.2341074
14,Sample_S19S_0055_Sed_Field_ICR.U_p2,501.2624631
17,Sample_S19S_0055_Sed_Field_ICR.U_p2,501.2705063
2,Sample_S19S_0055_Sed_Field_ICR.U_p2,501.3067877
9,Sample_S19S_0055_Sed_Field_ICR.U_p2,503.2051842
9,Sample_S19S_0055_Sed_Field_ICR.U_p2,503.2415628
2,Sample_S19S_0055_Sed_Field_ICR.U_p2,503.2860944
1,Sample_S19S_0055_Sed_Field_ICR.U_p2,504.9609548
11,Sample_S19S_0055_Sed_Field_ICR.U_p2,505.1846129
7,Sample_S19S_0055_Sed_Field_ICR.U_p2,505.221033
16,Sample_S19S_0055_Sed_Field_ICR.U_p2,505.2573293
1,Sample_S19S_0055_Sed_Field_ICR.U_p2,505.3088518
3,Sample_S19S_0055_Sed_Field_ICR.U_p2,507.0698551
17,Sample_S19S_0055_Sed_Field_ICR.U_p2,507.2001826
12,Sample_S19S_0055_Sed_Field_ICR.U_p2,507.2364864
6,Sample_S19S_0055_Sed_Field_ICR.U_p2,507.2728559
2,Sample_S19S_0055_Sed_Field_ICR.U_p2,509.0670213
1,Sample_S19S_0055_Sed_Field_ICR.U_p2,509.1498966
7,Sample_S19S_0055_Sed_Field_ICR.U_p2,509.179341
12,Sample_S19S_0055_Sed_Field_ICR.U_p2,509.2157568
14,Sample_S19S_0055_Sed_Field_ICR.U_p2,509.2522003
14,Sample_S19S_0055_Sed_Field_ICR.U_p2,509.2675212
1,Sample_S19S_0055_Sed_Field_ICR.U_p2,509.3766895
1,Sample_S19S_0055_Sed_Field_ICR.U_p2,510.9433523
1,Sample_S19S_0055_Sed_Field_ICR.U_p2,510.971511
1,Sample_S19S_0055_Sed_Field_ICR.U_p2,511.1244303
1,Sample_S19S_0055_Sed_Field_ICR.U_p2,511.1375472
5,Sample_S19S_0055_Sed_Field_ICR.U_p2,511.1739404
1,Sample_S19S_0055_Sed_Field_ICR.U_p2,511.1948908
6,Sample_S19S_0055_Sed_Field_ICR.U_p2,511.2547768
1,Sample_S19S_0055_Sed_Field_ICR.U_p2,511.291513
1,Sample_S19S_0055_Sed_Field_ICR.U_p2,512.1150998
1,Sample_S19S_0055_Sed_Field_ICR.U_p2,513.1053267
1,Sample_S19S_0055_Sed_Field_ICR.U_p2,513.1740505
2,Sample_S19S_0055_Sed_Field_ICR.U_p2,513.2342715
3,Sample_S19S_0055_Sed_Field_ICR.U_p2,513.2704612
7,Sample_S19S_0055_Sed_Field_ICR.U_p2,513.3068739
1,Sample_S19S_0055_Sed_Field_ICR.U_p2,515.2495874
1,Sample_S19S_0055_Sed_Field_ICR.U_p2,515.2864204
16,Sample_S19S_0055_Sed_Field_ICR.U_p2,517.2208996
8,Sample_S19S_0055_Sed_Field_ICR.U_p2,517.2572088
4,Sample_S19S_0055_Sed_Field_ICR.U_p2,517.3015875
25,Sample_S19S_0055_Sed_Field_ICR.U_p2,519.2002386
9,Sample_S19S_0055_Sed_Field_ICR.U_p2,519.2366622
10,Sample_S19S_0055_Sed_Field_ICR.U_p2,519.2730269
11,Sample_S19S_0055_Sed_Field_ICR.U_p2,521.2521448
8,Sample_S19S_0055_Sed_Field_ICR.U_p2,521.288516
16,Sample_S19S_0055_Sed_Field_ICR.U_p2,523.231536
2,Sample_S19S_0055_Sed_Field_ICR.U_p2,525.0933424
3,Sample_S19S_0055_Sed_Field_ICR.U_p2,525.2106012
3,Sample_S19S_0055_Sed_Field_ICR.U_p2,525.270299
2,Sample_S19S_0055_Sed_Field_ICR.U_p2,527.119585
3,Sample_S19S_0055_Sed_Field_ICR.U_p2,527.28601
1,Sample_S19S_0055_Sed_Field_ICR.U_p2,529.0519704
9,Sample_S19S_0055_Sed_Field_ICR.U_p2,529.1351825
4,Sample_S19S_0055_Sed_Field_ICR.U_p2,529.2652092
5,Sample_S19S_0055_Sed_Field_ICR.U_p2,529.3017656
2,Sample_S19S_0055_Sed_Field_ICR.U_p2,531.1597187
7,Sample_S19S_0055_Sed_Field_ICR.U_p2,531.236471
1,Sample_S19S_0055_Sed_Field_ICR.U_p2,533.0937827
2,Sample_S19S_0055_Sed_Field_ICR.U_p2,533.25209
10,Sample_S19S_0055_Sed_Field_ICR.U_p2,535.2314389
18,Sample_S19S_0055_Sed_Field_ICR.U_p2,537.2107257
6,Sample_S19S_0055_Sed_Field_ICR.U_p2,537.247225
14,Sample_S19S_0055_Sed_Field_ICR.U_p2,537.2835599
3,Sample_S19S_0055_Sed_Field_ICR.U_p2,537.2987595
4,Sample_S19S_0055_Sed_Field_ICR.U_p2,541.3015887
8,Sample_S19S_0055_Sed_Field_ICR.U_p2,543.1638009
5,Sample_S19S_0055_Sed_Field_ICR.U_p2,543.2808575
4,Sample_S19S_0055_Sed_Field_ICR.U_p2,543.3173823
16,Sample_S19S_0055_Sed_Field_ICR.U_p2,545.2886457
16,Sample_S19S_0055_Sed_Field_ICR.U_p2,547.2315171
15,Sample_S19S_0055_Sed_Field_ICR.U_p2,547.2678735
2,Sample_S19S_0055_Sed_Field_ICR.U_p2,549.283364
1,Sample_S19S_0055_Sed_Field_ICR.U_p2,551.0864797
1,Sample_S19S_0055_Sed_Field_ICR.U_p2,555.2811734
4,Sample_S19S_0055_Sed_Field_ICR.U_p2,557.3328937
1,Sample_S19S_0055_Sed_Field_ICR.U_p2,559.3122783
7,Sample_S19S_0055_Sed_Field_ICR.U_p2,563.2627092
2,Sample_S19S_0055_Sed_Field_ICR.U_p2,565.1117593
1,Sample_S19S_0055_Sed_Field_ICR.U_p2,565.2935978
1,Sample_S19S_0055_Sed_Field_ICR.U_p2,579.2573685
1,Sample_S19S_0055_Sed_Field_ICR.U_p2,581.4341369
4,Sample_S19S_0055_Sed_Field_ICR.U_p2,585.2915587
2,Sample_S19S_0055_Sed_Field_ICR.U_p2,589.2783211
1,Sample_S19S_0055_Sed_Field_ICR.U_p2,589.3147153
1,Sample_S19S_0055_Sed_Field_ICR.U_p2,591.135742
4,Sample_S19S_0055_Sed_Field_ICR.U_p2,597.4291056
2,Sample_S19S_0055_Sed_Field_ICR.U_p2,719.1480011
1,Sample_S19S_0055_Sed_Field_ICR.U_p2,811.2808271
